Binder,Perplexity,Full Sequence,DNA,Optimized DNA,Errors,Similar Switch
AKQGGAWWRYLLLLAWDEFYSQLPWTH,77.67839130764357,MAKQGGAWWRYLLLLAWDEFYSQLPWTHCRRQQRSSTLYVLIFLAIFLSKFTNQLLLSLLEAVIRTVTTLQQLLT,ATGGCGAAGCAGGGGGGGGCGTGGTGGAGGTATTTGTTGTTGTTGGCGTGGGATGAGTTTTATAGTCAGTTGCCGTGGACGCATTGTAGGAGGCAGCAGAGGAGTAGTACGTTGTATGTGTTGATATTTTTGGCGATATTTTTGAGTAAGTTTACGAATCAGTTGTTGTTGAGTTTGTTGGAGGCGGTGATAAGGACGGTGACGACGTTGCAGCAGTTGTTGACG,GATGGTAACCCAATTCCCAGTGCTATCGCGGCTAATTCTGGTATATATTAACGATGAGTTTTATAGTCAGTTGCCGTGGACGCATTGTAGGAGGCAGCAGAGGAGTAGTACGTTGTATGTGTTGATATTTTTGGCGATATTTTTGAGTAAGTTTACGAATCAGTTGTTGTTGAGTTTGTTGGAGGCGGTGATAAGGACGGTGACGACGTTGCAGCAGTTGTTGACG,5,"[(2, 'hydrophobic'), (3, 'hydrophobic'), (4, 'hydrophobic'), (6, 'hydrophobic'), (7, 'hydrophobic'), (10, 'hydrophobic'), (11, 'hydrophobic'), (16, 'hydrophobic')]"
FTSMGKWQRYRNETLLSKLVTRQKNGI,34.34823279803741,MFTSMGKWQRYRNETLLSKLVTRQKNGICRRQQRSSTLYVLIFLAIFLSKFTNQLLLSLLEAVIRTVTTLQQLLT,ATGTTTACGAGTATGGGGAAGTGGCAGAGGTATAGGAATGAGACGTTGTTGAGTAAGTTGGTGACGAGGCAGAAGAATGGGATATGTAGGAGGCAGCAGAGGAGTAGTACGTTGTATGTGTTGATATTTTTGGCGATATTTTTGAGTAAGTTTACGAATCAGTTGTTGTTGAGTTTGTTGGAGGCGGTGATAAGGACGGTGACGACGTTGCAGCAGTTGTTGACG,GATGGTAACCCGATACCCTCGGCTATCGCGGCTAACTCAGGAATCTATTAAGAGTAAGTTGGTGACGAGGCAGAAGAATGGGATATGTAGGAGGCAGCAGAGGAGTAGTACGTTGTATGTGTTGATATTTTTGGCGATATTTTTGAGTAAGTTTACGAATCAGTTGTTGTTGAGTTTGTTGGAGGCGGTGATAAGGACGGTGACGACGTTGCAGCAGTTGTTGACG,5,"[(2, 'hydrophobic'), (5, 'neutral'), (7, 'hydrophobic'), (9, 'neutral'), (10, 'hydrophobic'), (11, 'positive'), (13, 'hydrophobic'), (16, 'hydrophobic')]"
GNAAAMYISYGTLLSIDGVNKRQRLAI,42.15868669045619,MGNAAAMYISYGTLLSIDGVNKRQRLAICRRQQRSSTLYVLIFLAIFLSKFTNQLLLSLLEAVIRTVTTLQQLLT,ATGGGGAATGCGGCGGCGATGTATATAAGTTATGGGACGTTGTTGAGTATAGATGGGGTGAATAAGAGGCAGAGGTTGGCGATATGTAGGAGGCAGCAGAGGAGTAGTACGTTGTATGTGTTGATATTTTTGGCGATATTTTTGAGTAAGTTTACGAATCAGTTGTTGTTGAGTTTGTTGGAGGCGGTGATAAGGACGGTGACGACGTTGCAGCAGTTGTTGACG,GATGGGAACCCGATACCCAGTGCTATCGCAGCTAACTCAGGTATATACTAAGGATGGGGTGAATAAGAGGCAGAGGTTGGCGATATGTAGGAGGCAGCAGAGGAGTAGTACGTTGTATGTGTTGATATTTTTGGCGATATTTTTGAGTAAGTTTACGAATCAGTTGTTGTTGAGTTTGTTGGAGGCGGTGATAAGGACGGTGACGACGTTGCAGCAGTTGTTGACG,5,"[(2, 'neutral'), (3, 'hydrophobic'), (4, 'hydrophobic'), (5, 'neutral'), (7, 'hydrophobic'), (8, 'neutral'), (10, 'hydrophobic'), (11, 'hydrophobic'), (13, 'hydrophobic'), (15, 'neutral')]"
QVQVEKNLMLNGLVLKTRVKEEYRKME,35.51198521510277,MQVQVEKNLMLNGLVLKTRVKEEYRKMECRRQQRSSTLYVLIFLAIFLSKFTNQLLLSLLEAVIRTVTTLQQLLT,ATGCAGGTGCAGGTGGAGAAGAATTTGATGTTGAATGGGTTGGTGTTGAAGACGAGGGTGAAGGAGGAGTATAGGAAGATGGAGTGTAGGAGGCAGCAGAGGAGTAGTACGTTGTATGTGTTGATATTTTTGGCGATATTTTTGAGTAAGTTTACGAATCAGTTGTTGTTGAGTTTGTTGGAGGCGGTGATAAGGACGGTGACGACGTTGCAGCAGTTGTTGACG,GATGGAAATCCGATACCCTCGGCAATCGCTGCTAACTCCGGTATATACTAGGACGAGGGTGAAGGAGGAGTATAGGAAGATGGAGTGTAGGAGGCAGCAGAGGAGTAGTACGTTGTATGTGTTGATATTTTTGGCGATATTTTTGAGTAAGTTTACGAATCAGTTGTTGTTGAGTTTGTTGGAGGCGGTGATAAGGACGGTGACGACGTTGCAGCAGTTGTTGACG,6,"[(1, 'positive'), (3, 'hydrophobic'), (4, 'hydrophobic'), (6, 'neutral'), (8, 'hydrophobic'), (10, 'neutral'), (11, 'positive'), (13, 'hydrophobic'), (15, 'hydrophobic')]"
AQSSLKWESIAEDIDEVIIVGTGTENK,24.83073555335885,MAQSSLKWESIAEDIDEVIIVGTGTENKCRRQQRSSTLYVLIFLAIFLSKFTNQLLLSLLEAVIRTVTTLQQLLT,ATGGCGCAGAGTAGTTTGAAGTGGGAGAGTATAGCGGAGGATATAGATGAGGTGATAATAGTGGGGACGGGGACGGAGAATAAGTGTAGGAGGCAGCAGAGGAGTAGTACGTTGTATGTGTTGATATTTTTGGCGATATTTTTGAGTAAGTTTACGAATCAGTTGTTGTTGAGTTTGTTGGAGGCGGTGATAAGGACGGTGACGACGTTGCAGCAGTTGTTGACG,GATGGTAACCCGATCCCCTCGGCTATCGCAGCTAATTCCGGAATCTACTGAGGTGATAATAGTGGGGACGGGGACGGAGAATAAGTGTAGGAGGCAGCAGAGGAGTAGTACGTTGTATGTGTTGATATTTTTGGCGATATTTTTGAGTAAGTTTACGAATCAGTTGTTGTTGAGTTTGTTGGAGGCGGTGATAAGGACGGTGACGACGTTGCAGCAGTTGTTGACG,6,"[(6, 'hydrophobic'), (7, 'hydrophobic'), (8, 'neutral'), (10, 'hydrophobic'), (11, 'positive'), (15, 'neutral'), (16, 'hydrophobic')]"
MKQESWAYYYVNTLLKGLTKERFGVRE,49.413332261304575,MMKQESWAYYYVNTLLKGLTKERFGVRECRRQQRSSTLYVLIFLAIFLSKFTNQLLLSLLEAVIRTVTTLQQLLT,ATGATGAAGCAGGAGAGTTGGGCGTATTATTATGTGAATACGTTGTTGAAGGGGTTGACGAAGGAGAGGTTTGGGGTGAGGGAGTGTAGGAGGCAGCAGAGGAGTAGTACGTTGTATGTGTTGATATTTTTGGCGATATTTTTGAGTAAGTTTACGAATCAGTTGTTGTTGAGTTTGTTGGAGGCGGTGATAAGGACGGTGACGACGTTGCAGCAGTTGTTGACG,GATGGTAACCCAATTCCCAGTGCTATAGCAGCTAATTCAGGCATATACTAGGGGGTTGACGAAGGAGAGGTTTGGGGTGAGGGAGTGTAGGAGGCAGCAGAGGAGTAGTACGTTGTATGTGTTGATATTTTTGGCGATATTTTTGAGTAAGTTTACGAATCAGTTGTTGTTGAGTTTGTTGGAGGCGGTGATAAGGACGGTGACGACGTTGCAGCAGTTGTTGACG,6,"[(1, 'positive'), (3, 'hydrophobic'), (5, 'neutral'), (6, 'hydrophobic'), (7, 'hydrophobic'), (10, 'hydrophobic'), (11, 'hydrophobic'), (16, 'hydrophobic')]"
MEQWLSSYKFQTGLLQESVVQTQFAER,20.824964150351743,MMEQWLSSYKFQTGLLQESVVQTQFAERCRRQQRSSTLYVLIFLAIFLSKFTNQLLLSLLEAVIRTVTTLQQLLT,ATGATGGAGCAGTGGTTGAGTAGTTATAAGTTTCAGACGGGGTTGTTGCAGGAGAGTGTGGTGCAGACGCAGTTTGCGGAGAGGTGTAGGAGGCAGCAGAGGAGTAGTACGTTGTATGTGTTGATATTTTTGGCGATATTTTTGAGTAAGTTTACGAATCAGTTGTTGTTGAGTTTGTTGGAGGCGGTGATAAGGACGGTGACGACGTTGCAGCAGTTGTTGACG,GATGGTAACCCAATTCCTTCAGCAATAGCAGCTAACTCAGGGATATACTAGTGAGAGTGTGGTGCAGACGCAGTTTGCGGAGAGGTGTAGGAGGCAGCAGAGGAGTAGTACGTTGTATGTGTTGATATTTTTGGCGATATTTTTGAGTAAGTTTACGAATCAGTTGTTGTTGAGTTTGTTGGAGGCGGTGATAAGGACGGTGACGACGTTGCAGCAGTTGTTGACG,6,"[(1, 'neutral'), (3, 'hydrophobic'), (5, 'neutral'), (7, 'hydrophobic'), (10, 'neutral'), (16, 'hydrophobic')]"
KQESKASVYVFDAALDDVASQKTAAKV,23.86546807993645,MKQESKASVYVFDAALDDVASQKTAAKVCRRQQRSSTLYVLIFLAIFLSKFTNQLLLSLLEAVIRTVTTLQQLLT,ATGAAGCAGGAGAGTAAGGCGAGTGTGTATGTGTTTGATGCGGCGTTGGATGATGTGGCGAGTCAGAAGACGGCGGCGAAGGTGTGTAGGAGGCAGCAGAGGAGTAGTACGTTGTATGTGTTGATATTTTTGGCGATATTTTTGAGTAAGTTTACGAATCAGTTGTTGTTGAGTTTGTTGGAGGCGGTGATAAGGACGGTGACGACGTTGCAGCAGTTGTTGACG,GATGGAAACCCGATCCCCAGTGCAATCGCTGCTAATTCCGGTATATACTGATGATGTGGCGAGTCAGAAGACGGCGGCGAAGGTGTGTAGGAGGCAGCAGAGGAGTAGTACGTTGTATGTGTTGATATTTTTGGCGATATTTTTGAGTAAGTTTACGAATCAGTTGTTGTTGAGTTTGTTGGAGGCGGTGATAAGGACGGTGACGACGTTGCAGCAGTTGTTGACG,6,"[(3, 'hydrophobic'), (4, 'hydrophobic'), (6, 'hydrophobic'), (7, 'hydrophobic'), (8, 'hydrophobic'), (10, 'neutral'), (11, 'hydrophobic'), (15, 'neutral')]"
SIIQEKKIGYGAGSNSLALVRVRTADQ,39.0008820771397,MSIIQEKKIGYGAGSNSLALVRVRTADQCRRQQRSSTLYVLIFLAIFLSKFTNQLLLSLLEAVIRTVTTLQQLLT,ATGAGTATAATACAGGAGAAGAAGATAGGGTATGGGGCGGGGAGTAATAGTTTGGCGTTGGTGAGGGTGAGGACGGCGGATCAGTGTAGGAGGCAGCAGAGGAGTAGTACGTTGTATGTGTTGATATTTTTGGCGATATTTTTGAGTAAGTTTACGAATCAGTTGTTGTTGAGTTTGTTGGAGGCGGTGATAAGGACGGTGACGACGTTGCAGCAGTTGTTGACG,GATGGAAATCCGATCCCCTCGGCGATAGCAGCTAACAGTGGGATCTACTAGTTTGGCGTTGGTGAGGGTGAGGACGGCGGATCAGTGTAGGAGGCAGCAGAGGAGTAGTACGTTGTATGTGTTGATATTTTTGGCGATATTTTTGAGTAAGTTTACGAATCAGTTGTTGTTGAGTTTGTTGGAGGCGGTGATAAGGACGGTGACGACGTTGCAGCAGTTGTTGACG,6,"[(5, 'hydrophobic'), (7, 'hydrophobic'), (9, 'hydrophobic'), (10, 'positive'), (11, 'positive'), (13, 'neutral')]"
GVGQSMRFEKGGELTLSTLAARKGKAG,17.164825931302673,MGVGQSMRFEKGGELTLSTLAARKGKAGCRRQQRSSTLYVLIFLAIFLSKFTNQLLLSLLEAVIRTVTTLQQLLT,ATGGGGGTGGGGCAGAGTATGAGGTTTGAGAAGGGGGGGGAGTTGACGTTGAGTACGTTGGCGGCGAGGAAGGGGAAGGCGGGGTGTAGGAGGCAGCAGAGGAGTAGTACGTTGTATGTGTTGATATTTTTGGCGATATTTTTGAGTAAGTTTACGAATCAGTTGTTGTTGAGTTTGTTGGAGGCGGTGATAAGGACGGTGACGACGTTGCAGCAGTTGTTGACG,GATGGGAATCCGATCCCCAGTGCGATAGCAGCGAACTCCGGAATATACTAAGAGTACGTTGGCGGCGAGGAAGGGGAAGGCGGGGTGTAGGAGGCAGCAGAGGAGTAGTACGTTGTATGTGTTGATATTTTTGGCGATATTTTTGAGTAAGTTTACGAATCAGTTGTTGTTGAGTTTGTTGGAGGCGGTGATAAGGACGGTGACGACGTTGCAGCAGTTGTTGACG,6,"[(3, 'hydrophobic'), (7, 'positive'), (9, 'hydrophobic'), (11, 'hydrophobic'), (13, 'neutral'), (15, 'hydrophobic')]"
SITQEWWYFYGKEASLNEVTTDVLHRG,34.323024146480186,MSITQEWWYFYGKEASLNEVTTDVLHRGCRRQQRSSTLYVLIFLAIFLSKFTNQLLLSLLEAVIRTVTTLQQLLT,ATGAGTATAACGCAGGAGTGGTGGTATTTTTATGGGAAGGAGGCGAGTTTGAATGAGGTGACGACGGATGTGTTGCATAGGGGGTGTAGGAGGCAGCAGAGGAGTAGTACGTTGTATGTGTTGATATTTTTGGCGATATTTTTGAGTAAGTTTACGAATCAGTTGTTGTTGAGTTTGTTGGAGGCGGTGATAAGGACGGTGACGACGTTGCAGCAGTTGTTGACG,GATGGAAATCCGATCCCCAGTGCTATAGCAGCTAACTCGGGAATATACTAAGAATGAGGTGACGACGGATGTGTTGCATAGGGGGTGTAGGAGGCAGCAGAGGAGTAGTACGTTGTATGTGTTGATATTTTTGGCGATATTTTTGAGTAAGTTTACGAATCAGTTGTTGTTGAGTTTGTTGGAGGCGGTGATAAGGACGGTGACGACGTTGCAGCAGTTGTTGACG,6,"[(2, 'neutral'), (3, 'hydrophobic'), (5, 'positive'), (7, 'hydrophobic'), (10, 'hydrophobic'), (11, 'hydrophobic'), (13, 'neutral')]"
MLKISQDRRSVQHAGELLVFAELSAFQ,48.953319800766025,MMLKISQDRRSVQHAGELLVFAELSAFQCRRQQRSSTLYVLIFLAIFLSKFTNQLLLSLLEAVIRTVTTLQQLLT,ATGATGTTGAAGATAAGTCAGGATAGGAGGAGTGTGCAGCATGCGGGGGAGTTGTTGGTGTTTGCGGAGTTGAGTGCGTTTCAGTGTAGGAGGCAGCAGAGGAGTAGTACGTTGTATGTGTTGATATTTTTGGCGATATTTTTGAGTAAGTTTACGAATCAGTTGTTGTTGAGTTTGTTGGAGGCGGTGATAAGGACGGTGACGACGTTGCAGCAGTTGTTGACG,GATGGTAATCCGATACCCTCAGCAATCGCGGCAAATTCAGGCATATACTGAGTTGTTGGTGTTTGCGGAGTTGAGTGCGTTTCAGTGTAGGAGGCAGCAGAGGAGTAGTACGTTGTATGTGTTGATATTTTTGGCGATATTTTTGAGTAAGTTTACGAATCAGTTGTTGTTGAGTTTGTTGGAGGCGGTGATAAGGACGGTGACGACGTTGCAGCAGTTGTTGACG,6,"[(3, 'hydrophobic'), (6, 'hydrophobic'), (7, 'neutral'), (13, 'hydrophobic'), (15, 'hydrophobic'), (16, 'hydrophobic')]"
IMDGGFWRYRESGQLREVVAAGRLAVG,30.943809429931147,MIMDGGFWRYRESGQLREVVAAGRLAVGCRRQQRSSTLYVLIFLAIFLSKFTNQLLLSLLEAVIRTVTTLQQLLT,ATGATAATGGATGGGGGGTTTTGGAGGTATAGGGAGAGTGGGCAGTTGAGGGAGGTGGTGGCGGCGGGGAGGTTGGCGGTGGGGTGTAGGAGGCAGCAGAGGAGTAGTACGTTGTATGTGTTGATATTTTTGGCGATATTTTTGAGTAAGTTTACGAATCAGTTGTTGTTGAGTTTGTTGGAGGCGGTGATAAGGACGGTGACGACGTTGCAGCAGTTGTTGACG,GATGGTAATCCGATTCCCAGTGCTATCGCTGCGAACTCAGGGATCTACTAGGGAGGTGGTGGCGGCGGGGAGGTTGGCGGTGGGGTGTAGGAGGCAGCAGAGGAGTAGTACGTTGTATGTGTTGATATTTTTGGCGATATTTTTGAGTAAGTTTACGAATCAGTTGTTGTTGAGTTTGTTGGAGGCGGTGATAAGGACGGTGACGACGTTGCAGCAGTTGTTGACG,6,"[(3, 'neutral'), (5, 'neutral'), (8, 'hydrophobic'), (10, 'hydrophobic'), (11, 'hydrophobic'), (16, 'hydrophobic')]"
AAITGGRWKYGILNVDRALANIKGRAI,24.884674882065752,MAAITGGRWKYGILNVDRALANIKGRAICRRQQRSSTLYVLIFLAIFLSKFTNQLLLSLLEAVIRTVTTLQQLLT,ATGGCGGCGATAACGGGGGGGAGGTGGAAGTATGGGATATTGAATGTGGATAGGGCGTTGGCGAATATAAAGGGGAGGGCGATATGTAGGAGGCAGCAGAGGAGTAGTACGTTGTATGTGTTGATATTTTTGGCGATATTTTTGAGTAAGTTTACGAATCAGTTGTTGTTGAGTTTGTTGGAGGCGGTGATAAGGACGGTGACGACGTTGCAGCAGTTGTTGACG,GATGGTAATCCGATCCCCTCAGCGATCGCGGCTAACAGTGGTATCTACTGATAGGGCGTTGGCGAATATAAAGGGGAGGGCGATATGTAGGAGGCAGCAGAGGAGTAGTACGTTGTATGTGTTGATATTTTTGGCGATATTTTTGAGTAAGTTTACGAATCAGTTGTTGTTGAGTTTGTTGGAGGCGGTGATAAGGACGGTGACGACGTTGCAGCAGTTGTTGACG,6,"[(3, 'neutral'), (4, 'hydrophobic'), (5, 'hydrophobic'), (7, 'hydrophobic'), (8, 'positive'), (13, 'neutral'), (15, 'hydrophobic'), (16, 'hydrophobic')]"
MVKEKKSREIGKESLTDKANGLPAVKI,29.3593928224022,MMVKEKKSREIGKESLTDKANGLPAVKICRRQQRSSTLYVLIFLAIFLSKFTNQLLLSLLEAVIRTVTTLQQLLT,ATGATGGTGAAGGAGAAGAAGAGTAGGGAGATAGGGAAGGAGAGTTTGACGGATAAGGCGAATGGGTTGCCGGCGGTGAAGATATGTAGGAGGCAGCAGAGGAGTAGTACGTTGTATGTGTTGATATTTTTGGCGATATTTTTGAGTAAGTTTACGAATCAGTTGTTGTTGAGTTTGTTGGAGGCGGTGATAAGGACGGTGACGACGTTGCAGCAGTTGTTGACG,GATGGTAACCCGATTCCCTCGGCAATCGCAGCTAACTCGGGAATCTACTAGTGATAAGGCGAATGGGTTGCCGGCGGTGAAGATATGTAGGAGGCAGCAGAGGAGTAGTACGTTGTATGTGTTGATATTTTTGGCGATATTTTTGAGTAAGTTTACGAATCAGTTGTTGTTGAGTTTGTTGGAGGCGGTGATAAGGACGGTGACGACGTTGCAGCAGTTGTTGACG,7,"[(1, 'neutral'), (5, 'positive'), (7, 'hydrophobic'), (10, 'neutral'), (11, 'positive'), (14, 'positive'), (16, 'hydrophobic')]"
VITDGSSLEGGSLNLKGLLKRQQESRQ,23.120227292344502,MVITDGSSLEGGSLNLKGLLKRQQESRQCRRQQRSSTLYVLIFLAIFLSKFTNQLLLSLLEAVIRTVTTLQQLLT,ATGGTGATAACGGATGGGAGTAGTTTGGAGGGGGGGAGTTTGAATTTGAAGGGGTTGTTGAAGAGGCAGCAGGAGAGTAGGCAGTGTAGGAGGCAGCAGAGGAGTAGTACGTTGTATGTGTTGATATTTTTGGCGATATTTTTGAGTAAGTTTACGAATCAGTTGTTGTTGAGTTTGTTGGAGGCGGTGATAAGGACGGTGACGACGTTGCAGCAGTTGTTGACG,GATGGTAATCCGATTCCCTCAGCAATAGCAGCAAACTCAGGTATCTACTAGGGGGTTGTTGAAGAGGCAGCAGGAGAGTAGGCAGTGTAGGAGGCAGCAGAGGAGTAGTACGTTGTATGTGTTGATATTTTTGGCGATATTTTTGAGTAAGTTTACGAATCAGTTGTTGTTGAGTTTGTTGGAGGCGGTGATAAGGACGGTGACGACGTTGCAGCAGTTGTTGACG,7,"[(1, 'positive'), (3, 'neutral'), (4, 'hydrophobic'), (5, 'neutral'), (9, 'hydrophobic'), (10, 'neutral'), (11, 'neutral')]"
MAASQGWAYLNNLGSEGKVVTQEVKRG,21.577301709353588,MMAASQGWAYLNNLGSEGKVVTQEVKRGCRRQQRSSTLYVLIFLAIFLSKFTNQLLLSLLEAVIRTVTTLQQLLT,ATGATGGCGGCGAGTCAGGGGTGGGCGTATTTGAATAATTTGGGGAGTGAGGGGAAGGTGGTGACGCAGGAGGTGAAGAGGGGGTGTAGGAGGCAGCAGAGGAGTAGTACGTTGTATGTGTTGATATTTTTGGCGATATTTTTGAGTAAGTTTACGAATCAGTTGTTGTTGAGTTTGTTGGAGGCGGTGATAAGGACGGTGACGACGTTGCAGCAGTTGTTGACG,GATGGTAACCCTATTCCATCAGCTATCGCTGCTAACTCAGGTATCTATTGAGGGGAAGGTGGTGACGCAGGAGGTGAAGAGGGGGTGTAGGAGGCAGCAGAGGAGTAGTACGTTGTATGTGTTGATATTTTTGGCGATATTTTTGAGTAAGTTTACGAATCAGTTGTTGTTGAGTTTGTTGGAGGCGGTGATAAGGACGGTGACGACGTTGCAGCAGTTGTTGACG,7,"[(4, 'hydrophobic'), (5, 'neutral'), (8, 'hydrophobic'), (10, 'hydrophobic'), (14, 'hydrophobic'), (16, 'hydrophobic')]"
GIAQSGWKEIVTDDSGGVVDSDKKVPG,32.28273220415763,MGIAQSGWKEIVTDDSGGVVDSDKKVPGCRRQQRSSTLYVLIFLAIFLSKFTNQLLLSLLEAVIRTVTTLQQLLT,ATGGGGATAGCGCAGAGTGGGTGGAAGGAGATAGTGACGGATGATAGTGGGGGGGTGGTGGATAGTGATAAGAAGGTGCCGGGGTGTAGGAGGCAGCAGAGGAGTAGTACGTTGTATGTGTTGATATTTTTGGCGATATTTTTGAGTAAGTTTACGAATCAGTTGTTGTTGAGTTTGTTGGAGGCGGTGATAAGGACGGTGACGACGTTGCAGCAGTTGTTGACG,GATGGGAATCCGATTCCATCAGCTATCGCAGCTAATTCAGGAATCTACTAACGGGGTGGTGGATAGTGATAAGAAGGTGCCGGGGTGTAGGAGGCAGCAGAGGAGTAGTACGTTGTATGTGTTGATATTTTTGGCGATATTTTTGAGTAAGTTTACGAATCAGTTGTTGTTGAGTTTGTTGGAGGCGGTGATAAGGACGGTGACGACGTTGCAGCAGTTGTTGACG,7,"[(2, 'neutral'), (5, 'neutral'), (6, 'hydrophobic'), (7, 'hydrophobic'), (10, 'hydrophobic'), (12, 'neutral')]"
IHVSKKSKRGLNSNKDKAAVKIQPQNK,50.22228596096691,MIHVSKKSKRGLNSNKDKAAVKIQPQNKCRRQQRSSTLYVLIFLAIFLSKFTNQLLLSLLEAVIRTVTTLQQLLT,ATGATACATGTGAGTAAGAAGAGTAAGAGGGGGTTGAATAGTAATAAGGATAAGGCGGCGGTGAAGATACAGCCGCAGAATAAGTGTAGGAGGCAGCAGAGGAGTAGTACGTTGTATGTGTTGATATTTTTGGCGATATTTTTGAGTAAGTTTACGAATCAGTTGTTGTTGAGTTTGTTGGAGGCGGTGATAAGGACGGTGACGACGTTGCAGCAGTTGTTGACG,GATGGTAACCCGATCCCCTCGGCAATCGCGGCAAATTCAGGCATCTACTGATAAGGCGGCGGTGAAGATACAGCCGCAGAATAAGTGTAGGAGGCAGCAGAGGAGTAGTACGTTGTATGTGTTGATATTTTTGGCGATATTTTTGAGTAAGTTTACGAATCAGTTGTTGTTGAGTTTGTTGGAGGCGGTGATAAGGACGGTGACGACGTTGCAGCAGTTGTTGACG,7,"[(3, 'neutral'), (5, 'neutral'), (6, 'hydrophobic'), (10, 'neutral'), (11, 'positive'), (16, 'hydrophobic')]"
MKQEQMWSVVGGDDEKGGVETLPLTAE,31.69954925828986,MMKQEQMWSVVGGDDEKGGVETLPLTAECRRQQRSSTLYVLIFLAIFLSKFTNQLLLSLLEAVIRTVTTLQQLLT,ATGATGAAGCAGGAGCAGATGTGGAGTGTGGTGGGGGGGGATGATGAGAAGGGGGGGGTGGAGACGTTGCCGTTGACGGCGGAGTGTAGGAGGCAGCAGAGGAGTAGTACGTTGTATGTGTTGATATTTTTGGCGATATTTTTGAGTAAGTTTACGAATCAGTTGTTGTTGAGTTTGTTGGAGGCGGTGATAAGGACGGTGACGACGTTGCAGCAGTTGTTGACG,GATGGTAACCCAATTCCATCAGCTATCGCTGCTAACTCCGGAATCTACTAGGGGGGGGGTGGAGACGTTGCCGTTGACGGCGGAGTGTAGGAGGCAGCAGAGGAGTAGTACGTTGTATGTGTTGATATTTTTGGCGATATTTTTGAGTAAGTTTACGAATCAGTTGTTGTTGAGTTTGTTGGAGGCGGTGATAAGGACGGTGACGACGTTGCAGCAGTTGTTGACG,7,"[(1, 'positive'), (7, 'hydrophobic'), (8, 'hydrophobic'), (10, 'hydrophobic'), (16, 'hydrophobic')]"
MIKSGKGRIGVKEADVEKAREAQAAPA,19.052388843281935,MMIKSGKGRIGVKEADVEKAREAQAAPACRRQQRSSTLYVLIFLAIFLSKFTNQLLLSLLEAVIRTVTTLQQLLT,ATGATGATAAAGAGTGGGAAGGGGAGGATAGGGGTGAAGGAGGCGGATGTGGAGAAGGCGAGGGAGGCGCAGGCGGCGCCGGCGTGTAGGAGGCAGCAGAGGAGTAGTACGTTGTATGTGTTGATATTTTTGGCGATATTTTTGAGTAAGTTTACGAATCAGTTGTTGTTGAGTTTGTTGGAGGCGGTGATAAGGACGGTGACGACGTTGCAGCAGTTGTTGACG,GATGGTAATCCGATCCCCTCGGCAATCGCTGCAAATTCGGGAATATACTAAGGAGAAGGCGAGGGAGGCGCAGGCGGCGCCGGCGTGTAGGAGGCAGCAGAGGAGTAGTACGTTGTATGTGTTGATATTTTTGGCGATATTTTTGAGTAAGTTTACGAATCAGTTGTTGTTGAGTTTGTTGGAGGCGGTGATAAGGACGGTGACGACGTTGCAGCAGTTGTTGACG,7,"[(3, 'hydrophobic'), (5, 'positive'), (6, 'hydrophobic'), (8, 'hydrophobic'), (11, 'positive'), (16, 'hydrophobic')]"
TMEEMQKTKPVGQQATGKVKPGTRSIR,36.24445455309548,MTMEEMQKTKPVGQQATGKVKPGTRSIRCRRQQRSSTLYVLIFLAIFLSKFTNQLLLSLLEAVIRTVTTLQQLLT,ATGACGATGGAGGAGATGCAGAAGACGAAGCCGGTGGGGCAGCAGGCGACGGGGAAGGTGAAGCCGGGGACGAGGAGTATAAGGTGTAGGAGGCAGCAGAGGAGTAGTACGTTGTATGTGTTGATATTTTTGGCGATATTTTTGAGTAAGTTTACGAATCAGTTGTTGTTGAGTTTGTTGGAGGCGGTGATAAGGACGGTGACGACGTTGCAGCAGTTGTTGACG,GATGGAAATCCGATTCCCTCAGCGATCGCGGCCAATTCCGGCATCTACTAGTGGGAAGGTGAAGCCGGGGACGAGGAGTATAAGGTGTAGGAGGCAGCAGAGGAGTAGTACGTTGTATGTGTTGATATTTTTGGCGATATTTTTGAGTAAGTTTACGAATCAGTTGTTGTTGAGTTTGTTGGAGGCGGTGATAAGGACGGTGACGACGTTGCAGCAGTTGTTGACG,7,"[(1, 'neutral'), (3, 'neutral'), (6, 'hydrophobic'), (8, 'positive'), (9, 'neutral'), (10, 'positive')]"
FEPSGAWMKYVHKGLGGKKPSEETEGT,47.48787935541908,MFEPSGAWMKYVHKGLGGKKPSEETEGTCRRQQRSSTLYVLIFLAIFLSKFTNQLLLSLLEAVIRTVTTLQQLLT,ATGTTTGAGCCGAGTGGGGCGTGGATGAAGTATGTGCATAAGGGGTTGGGGGGGAAGAAGCCGAGTGAGGAGACGGAGGGGACGTGTAGGAGGCAGCAGAGGAGTAGTACGTTGTATGTGTTGATATTTTTGGCGATATTTTTGAGTAAGTTTACGAATCAGTTGTTGTTGAGTTTGTTGGAGGCGGTGATAAGGACGGTGACGACGTTGCAGCAGTTGTTGACG,GATGGTAACCCGATCCCCAGTGCTATCGCGGCTAATTCGGGCATCTATTAACGGGAAGAAGCCGAGTGAGGAGACGGAGGGGACGTGTAGGAGGCAGCAGAGGAGTAGTACGTTGTATGTGTTGATATTTTTGGCGATATTTTTGAGTAAGTTTACGAATCAGTTGTTGTTGAGTTTGTTGGAGGCGGTGATAAGGACGGTGACGACGTTGCAGCAGTTGTTGACG,7,"[(2, 'hydrophobic'), (5, 'positive'), (6, 'hydrophobic'), (7, 'hydrophobic'), (8, 'positive'), (10, 'hydrophobic'), (11, 'hydrophobic'), (16, 'hydrophobic')]"
GLISSKWKCRGFLELKEKLTEIGGKVR,24.312754913349973,MGLISSKWKCRGFLELKEKLTEIGGKVRCRRQQRSSTLYVLIFLAIFLSKFTNQLLLSLLEAVIRTVTTLQQLLT,ATGGGGTTGATAAGTAGTAAGTGGAAGTGTAGGGGGTTTTTGGAGTTGAAGGAGAAGTTGACGGAGATAGGGGGGAAGGTGAGGTGTAGGAGGCAGCAGAGGAGTAGTACGTTGTATGTGTTGATATTTTTGGCGATATTTTTGAGTAAGTTTACGAATCAGTTGTTGTTGAGTTTGTTGGAGGCGGTGATAAGGACGGTGACGACGTTGCAGCAGTTGTTGACG,GATGGGAATCCGATCCCCTCGGCTATCGCAGCGAACAGTGGTATCTACTAGGGAGAAGTTGACGGAGATAGGGGGGAAGGTGAGGTGTAGGAGGCAGCAGAGGAGTAGTACGTTGTATGTGTTGATATTTTTGGCGATATTTTTGAGTAAGTTTACGAATCAGTTGTTGTTGAGTTTGTTGGAGGCGGTGATAAGGACGGTGACGACGTTGCAGCAGTTGTTGACG,7,"[(1, 'positive'), (4, 'hydrophobic'), (5, 'hydrophobic'), (10, 'hydrophobic'), (11, 'positive'), (15, 'hydrophobic')]"
SRMDEWAGFKGRINGDEKKRKYKRTAG,24.62404276048263,MSRMDEWAGFKGRINGDEKKRKYKRTAGCRRQQRSSTLYVLIFLAIFLSKFTNQLLLSLLEAVIRTVTTLQQLLT,ATGAGTAGGATGGATGAGTGGGCGGGGTTTAAGGGGAGGATAAATGGGGATGAGAAGAAGAGGAAGTATAAGAGGACGGCGGGGTGTAGGAGGCAGCAGAGGAGTAGTACGTTGTATGTGTTGATATTTTTGGCGATATTTTTGAGTAAGTTTACGAATCAGTTGTTGTTGAGTTTGTTGGAGGCGGTGATAAGGACGGTGACGACGTTGCAGCAGTTGTTGACG,GATGGAAACCCTATTCCCAGTGCTATCGCTGCGAACTCGGGTATCTACTGATGAGAAGAAGAGGAAGTATAAGAGGACGGCGGGGTGTAGGAGGCAGCAGAGGAGTAGTACGTTGTATGTGTTGATATTTTTGGCGATATTTTTGAGTAAGTTTACGAATCAGTTGTTGTTGAGTTTGTTGGAGGCGGTGATAAGGACGGTGACGACGTTGCAGCAGTTGTTGACG,7,"[(3, 'neutral'), (4, 'hydrophobic'), (7, 'positive'), (8, 'hydrophobic'), (10, 'hydrophobic'), (11, 'hydrophobic'), (14, 'hydrophobic')]"
TMTERAASREAREMDCEVLIQQALKHR,21.684254467738793,MTMTERAASREAREMDCEVLIQQALKHRCRRQQRSSTLYVLIFLAIFLSKFTNQLLLSLLEAVIRTVTTLQQLLT,ATGACGATGACGGAGAGGGCGGCGAGTAGGGAGGCGAGGGAGATGGATTGTGAGGTGTTGATACAGCAGGCGTTGAAGCATAGGTGTAGGAGGCAGCAGAGGAGTAGTACGTTGTATGTGTTGATATTTTTGGCGATATTTTTGAGTAAGTTTACGAATCAGTTGTTGTTGAGTTTGTTGGAGGCGGTGATAAGGACGGTGACGACGTTGCAGCAGTTGTTGACG,GATGGAAATCCGATTCCGTCAGCTATCGCGGCAAATTCGGGAATATACTAACGAGGTGTTGATACAGCAGGCGTTGAAGCATAGGTGTAGGAGGCAGCAGAGGAGTAGTACGTTGTATGTGTTGATATTTTTGGCGATATTTTTGAGTAAGTTTACGAATCAGTTGTTGTTGAGTTTGTTGGAGGCGGTGATAAGGACGGTGACGACGTTGCAGCAGTTGTTGACG,7,"[(3, 'hydrophobic'), (6, 'hydrophobic'), (10, 'hydrophobic')]"
DLIIESWSKISLKSTLGRLLTTLRRFK,39.352627487963794,MDLIIESWSKISLKSTLGRLLTTLRRFKCRRQQRSSTLYVLIFLAIFLSKFTNQLLLSLLEAVIRTVTTLQQLLT,ATGGATTTGATAATAGAGAGTTGGAGTAAGATAAGTTTGAAGAGTACGTTGGGGAGGTTGTTGACGACGTTGAGGAGGTTTAAGTGTAGGAGGCAGCAGAGGAGTAGTACGTTGTATGTGTTGATATTTTTGGCGATATTTTTGAGTAAGTTTACGAATCAGTTGTTGTTGAGTTTGTTGGAGGCGGTGATAAGGACGGTGACGACGTTGCAGCAGTTGTTGACG,GATGGAAACCCGATACCCTCAGCTATCGCGGCTAACAGTGGCATCTACTAAGGGGAGGTTGTTGACGACGTTGAGGAGGTTTAAGTGTAGGAGGCAGCAGAGGAGTAGTACGTTGTATGTGTTGATATTTTTGGCGATATTTTTGAGTAAGTTTACGAATCAGTTGTTGTTGAGTTTGTTGGAGGCGGTGATAAGGACGGTGACGACGTTGCAGCAGTTGTTGACG,7,"[(5, 'hydrophobic'), (7, 'hydrophobic'), (8, 'positive'), (10, 'hydrophobic'), (11, 'neutral'), (13, 'hydrophobic')]"
AITSGKKAEGGLGELDGLVAAHKTNVE,23.19554271717643,MAITSGKKAEGGLGELDGLVAAHKTNVECRRQQRSSTLYVLIFLAIFLSKFTNQLLLSLLEAVIRTVTTLQQLLT,ATGGCGATAACGAGTGGGAAGAAGGCGGAGGGGGGGTTGGGGGAGTTGGATGGGTTGGTGGCGGCGCATAAGACGAATGTGGAGTGTAGGAGGCAGCAGAGGAGTAGTACGTTGTATGTGTTGATATTTTTGGCGATATTTTTGAGTAAGTTTACGAATCAGTTGTTGTTGAGTTTGTTGGAGGCGGTGATAAGGACGGTGACGACGTTGCAGCAGTTGTTGACG,GATGGTAATCCGATCCCCTCGGCGATAGCAGCAAACAGTGGGATCTACTGATGGGTTGGTGGCGGCGCATAAGACGAATGTGGAGTGTAGGAGGCAGCAGAGGAGTAGTACGTTGTATGTGTTGATATTTTTGGCGATATTTTTGAGTAAGTTTACGAATCAGTTGTTGTTGAGTTTGTTGGAGGCGGTGATAAGGACGGTGACGACGTTGCAGCAGTTGTTGACG,7,"[(5, 'hydrophobic'), (9, 'hydrophobic'), (10, 'positive'), (11, 'positive'), (16, 'hydrophobic')]"
MIQSRWEYYYGTGGGDDVVSAAVDARS,28.482655170627662,MMIQSRWEYYYGTGGGDDVVSAAVDARSCRRQQRSSTLYVLIFLAIFLSKFTNQLLLSLLEAVIRTVTTLQQLLT,ATGATGATACAGAGTAGGTGGGAGTATTATTATGGGACGGGGGGGGGGGATGATGTGGTGAGTGCGGCGGTGGATGCGAGGAGTTGTAGGAGGCAGCAGAGGAGTAGTACGTTGTATGTGTTGATATTTTTGGCGATATTTTTGAGTAAGTTTACGAATCAGTTGTTGTTGAGTTTGTTGGAGGCGGTGATAAGGACGGTGACGACGTTGCAGCAGTTGTTGACG,GATGGTAATCCGATCCCCAGTGCAATAGCAGCTAACTCAGGGATCTACTGATGATGTGGTGAGTGCGGCGGTGGATGCGAGGAGTTGTAGGAGGCAGCAGAGGAGTAGTACGTTGTATGTGTTGATATTTTTGGCGATATTTTTGAGTAAGTTTACGAATCAGTTGTTGTTGAGTTTGTTGGAGGCGGTGATAAGGACGGTGACGACGTTGCAGCAGTTGTTGACG,7,"[(5, 'neutral'), (7, 'hydrophobic'), (11, 'hydrophobic'), (16, 'hydrophobic')]"
CNQIGEGGYTYLEVLDLKAQTLVTATS,49.67355967056655,MCNQIGEGGYTYLEVLDLKAQTLVTATSCRRQQRSSTLYVLIFLAIFLSKFTNQLLLSLLEAVIRTVTTLQQLLT,ATGTGTAATCAGATAGGGGAGGGGGGGTATACGTATTTGGAGGTGTTGGATTTGAAGGCGCAGACGTTGGTGACGGCGACGAGTTGTAGGAGGCAGCAGAGGAGTAGTACGTTGTATGTGTTGATATTTTTGGCGATATTTTTGAGTAAGTTTACGAATCAGTTGTTGTTGAGTTTGTTGGAGGCGGTGATAAGGACGGTGACGACGTTGCAGCAGTTGTTGACG,GATGGAAACCCGATACCCTCAGCAATCGCTGCAAATTCTGGAATATACTGATTTGAAGGCGCAGACGTTGGTGACGGCGACGAGTTGTAGGAGGCAGCAGAGGAGTAGTACGTTGTATGTGTTGATATTTTTGGCGATATTTTTGAGTAAGTTTACGAATCAGTTGTTGTTGAGTTTGTTGGAGGCGGTGATAAGGACGGTGACGACGTTGCAGCAGTTGTTGACG,7,"[(3, 'hydrophobic'), (6, 'hydrophobic'), (7, 'neutral'), (8, 'hydrophobic'), (13, 'hydrophobic'), (15, 'neutral')]"
NMPSMADYYLNGVLPDKALRPGEQAFS,22.13536686715609,MNMPSMADYYLNGVLPDKALRPGEQAFSCRRQQRSSTLYVLIFLAIFLSKFTNQLLLSLLEAVIRTVTTLQQLLT,ATGAATATGCCGAGTATGGCGGATTATTATTTGAATGGGGTGTTGCCGGATAAGGCGTTGAGGCCGGGGGAGCAGGCGTTTAGTTGTAGGAGGCAGCAGAGGAGTAGTACGTTGTATGTGTTGATATTTTTGGCGATATTTTTGAGTAAGTTTACGAATCAGTTGTTGTTGAGTTTGTTGGAGGCGGTGATAAGGACGGTGACGACGTTGCAGCAGTTGTTGACG,GATGGAAATCCGATCCCCAGTGCAATAGCAGCTAACTCCGGTATATACTGATAAGGCGTTGAGGCCGGGGGAGCAGGCGTTTAGTTGTAGGAGGCAGCAGAGGAGTAGTACGTTGTATGTGTTGATATTTTTGGCGATATTTTTGAGTAAGTTTACGAATCAGTTGTTGTTGAGTTTGTTGGAGGCGGTGATAAGGACGGTGACGACGTTGCAGCAGTTGTTGACG,7,"[(3, 'hydrophobic'), (6, 'neutral'), (11, 'hydrophobic')]"
NIEYGRWYRLNGETEPGRAAVLQAAEG,21.350096948498972,MNIEYGRWYRLNGETEPGRAAVLQAAEGCRRQQRSSTLYVLIFLAIFLSKFTNQLLLSLLEAVIRTVTTLQQLLT,ATGAATATAGAGTATGGGAGGTGGTATAGGTTGAATGGGGAGACGGAGCCGGGGAGGGCGGCGGTGTTGCAGGCGGCGGAGGGGTGTAGGAGGCAGCAGAGGAGTAGTACGTTGTATGTGTTGATATTTTTGGCGATATTTTTGAGTAAGTTTACGAATCAGTTGTTGTTGAGTTTGTTGGAGGCGGTGATAAGGACGGTGACGACGTTGCAGCAGTTGTTGACG,GATGGAAATCCGATACCCTCGGCTATCGCGGCTAACTCCGGAATCTACTAACGGGAGGGCGGCGGTGTTGCAGGCGGCGGAGGGGTGTAGGAGGCAGCAGAGGAGTAGTACGTTGTATGTGTTGATATTTTTGGCGATATTTTTGAGTAAGTTTACGAATCAGTTGTTGTTGAGTTTGTTGGAGGCGGTGATAAGGACGGTGACGACGTTGCAGCAGTTGTTGACG,7,"[(3, 'neutral'), (6, 'neutral'), (10, 'hydrophobic')]"
TRIEQGSGYYYLLDLEGGTAGAIKLKE,35.339741897394056,MTRIEQGSGYYYLLDLEGGTAGAIKLKECRRQQRSSTLYVLIFLAIFLSKFTNQLLLSLLEAVIRTVTTLQQLLT,ATGACGAGGATAGAGCAGGGGAGTGGGTATTATTATTTGTTGGATTTGGAGGGGGGGACGGCGGGGGCGATAAAGTTGAAGGAGTGTAGGAGGCAGCAGAGGAGTAGTACGTTGTATGTGTTGATATTTTTGGCGATATTTTTGAGTAAGTTTACGAATCAGTTGTTGTTGAGTTTGTTGGAGGCGGTGATAAGGACGGTGACGACGTTGCAGCAGTTGTTGACG,GATGGAAACCCTATTCCATCAGCAATCGCTGCTAATTCTGGTATCTACTGAGGGGGGGACGGCGGGGGCGATAAAGTTGAAGGAGTGTAGGAGGCAGCAGAGGAGTAGTACGTTGTATGTGTTGATATTTTTGGCGATATTTTTGAGTAAGTTTACGAATCAGTTGTTGTTGAGTTTGTTGGAGGCGGTGATAAGGACGGTGACGACGTTGCAGCAGTTGTTGACG,7,"[(4, 'hydrophobic'), (6, 'hydrophobic'), (7, 'hydrophobic'), (8, 'hydrophobic'), (10, 'neutral'), (14, 'hydrophobic')]"
AVGQEVWSTEGGDNGDKEVTKGAQSLL,32.024138494825486,MAVGQEVWSTEGGDNGDKEVTKGAQSLLCRRQQRSSTLYVLIFLAIFLSKFTNQLLLSLLEAVIRTVTTLQQLLT,ATGGCGGTGGGGCAGGAGGTGTGGAGTACGGAGGGGGGGGATAATGGGGATAAGGAGGTGACGAAGGGGGCGCAGAGTTTGTTGTGTAGGAGGCAGCAGAGGAGTAGTACGTTGTATGTGTTGATATTTTTGGCGATATTTTTGAGTAAGTTTACGAATCAGTTGTTGTTGAGTTTGTTGGAGGCGGTGATAAGGACGGTGACGACGTTGCAGCAGTTGTTGACG,GATGGTAATCCGATCCCCAGTGCTATCGCAGCAAACTCCGGAATCTACTGATAAGGAGGTGACGAAGGGGGCGCAGAGTTTGTTGTGTAGGAGGCAGCAGAGGAGTAGTACGTTGTATGTGTTGATATTTTTGGCGATATTTTTGAGTAAGTTTACGAATCAGTTGTTGTTGAGTTTGTTGGAGGCGGTGATAAGGACGGTGACGACGTTGCAGCAGTTGTTGACG,7,"[(8, 'neutral'), (10, 'hydrophobic'), (13, 'neutral'), (15, 'hydrophobic'), (16, 'hydrophobic')]"
VNREGSYMYLGGYVSGIKLVRGHAALN,34.58508936568572,MVNREGSYMYLGGYVSGIKLVRGHAALNCRRQQRSSTLYVLIFLAIFLSKFTNQLLLSLLEAVIRTVTTLQQLLT,ATGGTGAATAGGGAGGGGAGTTATATGTATTTGGGGGGGTATGTGAGTGGGATAAAGTTGGTGAGGGGGCATGCGGCGTTGAATTGTAGGAGGCAGCAGAGGAGTAGTACGTTGTATGTGTTGATATTTTTGGCGATATTTTTGAGTAAGTTTACGAATCAGTTGTTGTTGAGTTTGTTGGAGGCGGTGATAAGGACGGTGACGACGTTGCAGCAGTTGTTGACG,GATGGTAACCCGATTCCCTCAGCTATCGCTGCTAACTCCGGTATATACTAACATAAAGTTGGTGAGGGGGCATGCGGCGTTGAATTGTAGGAGGCAGCAGAGGAGTAGTACGTTGTATGTGTTGATATTTTTGGCGATATTTTTGAGTAAGTTTACGAATCAGTTGTTGTTGAGTTTGTTGGAGGCGGTGATAAGGACGGTGACGACGTTGCAGCAGTTGTTGACG,7,"[(2, 'neutral'), (3, 'hydrophobic'), (4, 'hydrophobic'), (8, 'hydrophobic'), (10, 'hydrophobic'), (11, 'neutral')]"
MIQIGSSQGSSLTSVGDDLEQTGHNDP,35.22252527592421,MMIQIGSSQGSSLTSVGDDLEQTGHNDPCRRQQRSSTLYVLIFLAIFLSKFTNQLLLSLLEAVIRTVTTLQQLLT,ATGATGATACAGATAGGGAGTAGTCAGGGGAGTAGTTTGACGAGTGTGGGGGATGATTTGGAGCAGACGGGGCATAATGATCCGTGTAGGAGGCAGCAGAGGAGTAGTACGTTGTATGTGTTGATATTTTTGGCGATATTTTTGAGTAAGTTTACGAATCAGTTGTTGTTGAGTTTGTTGGAGGCGGTGATAAGGACGGTGACGACGTTGCAGCAGTTGTTGACG,GATGGTAATCCGATACCCTCAGCAATCGCAGCAAACAGTGGCATCTACTAACGATGATTTGGAGCAGACGGGGCATAATGATCCGTGTAGGAGGCAGCAGAGGAGTAGTACGTTGTATGTGTTGATATTTTTGGCGATATTTTTGAGTAAGTTTACGAATCAGTTGTTGTTGAGTTTGTTGGAGGCGGTGATAAGGACGGTGACGACGTTGCAGCAGTTGTTGACG,7,"[(5, 'hydrophobic'), (7, 'neutral'), (9, 'neutral'), (10, 'neutral'), (11, 'neutral'), (13, 'hydrophobic'), (16, 'hydrophobic')]"
SKEIGWSLYYYTEELLEKTETNGLENR,46.0111751844839,MSKEIGWSLYYYTEELLEKTETNGLENRCRRQQRSSTLYVLIFLAIFLSKFTNQLLLSLLEAVIRTVTTLQQLLT,ATGAGTAAGGAGATAGGGTGGAGTTTGTATTATTATACGGAGGAGTTGTTGGAGAAGACGGAGACGAATGGGTTGGAGAATAGGTGTAGGAGGCAGCAGAGGAGTAGTACGTTGTATGTGTTGATATTTTTGGCGATATTTTTGAGTAAGTTTACGAATCAGTTGTTGTTGAGTTTGTTGGAGGCGGTGATAAGGACGGTGACGACGTTGCAGCAGTTGTTGACG,GATGGAAACCCGATACCCAGTGCAATCGCTGCTAATTCAGGAATCTATTAAGGAGAAGACGGAGACGAATGGGTTGGAGAATAGGTGTAGGAGGCAGCAGAGGAGTAGTACGTTGTATGTGTTGATATTTTTGGCGATATTTTTGAGTAAGTTTACGAATCAGTTGTTGTTGAGTTTGTTGGAGGCGGTGATAAGGACGGTGACGACGTTGCAGCAGTTGTTGACG,7,"[(2, 'hydrophobic'), (5, 'neutral'), (6, 'hydrophobic'), (7, 'hydrophobic'), (8, 'hydrophobic'), (10, 'neutral'), (11, 'hydrophobic'), (13, 'hydrophobic')]"
NRQSSKWEQYYAALKLGLKARHRKHKG,45.862725848027125,MNRQSSKWEQYYAALKLGLKARHRKHKGCRRQQRSSTLYVLIFLAIFLSKFTNQLLLSLLEAVIRTVTTLQQLLT,ATGAATAGGCAGAGTAGTAAGTGGGAGCAGTATTATGCGGCGTTGAAGTTGGGGTTGAAGGCGAGGCATAGGAAGCATAAGGGGTGTAGGAGGCAGCAGAGGAGTAGTACGTTGTATGTGTTGATATTTTTGGCGATATTTTTGAGTAAGTTTACGAATCAGTTGTTGTTGAGTTTGTTGGAGGCGGTGATAAGGACGGTGACGACGTTGCAGCAGTTGTTGACG,GATGGAAACCCGATCCCCTCGGCTATCGCAGCTAATAGTGGTATATACTAAGGGGTTGAAGGCGAGGCATAGGAAGCATAAGGGGTGTAGGAGGCAGCAGAGGAGTAGTACGTTGTATGTGTTGATATTTTTGGCGATATTTTTGAGTAAGTTTACGAATCAGTTGTTGTTGAGTTTGTTGGAGGCGGTGATAAGGACGGTGACGACGTTGCAGCAGTTGTTGACG,7,"[(3, 'hydrophobic'), (4, 'hydrophobic'), (5, 'hydrophobic'), (6, 'hydrophobic'), (7, 'hydrophobic'), (10, 'hydrophobic'), (11, 'positive')]"
AIASRAEVEQGKGKGELTLALKTVAAG,22.092100327399702,MAIASRAEVEQGKGKGELTLALKTVAAGCRRQQRSSTLYVLIFLAIFLSKFTNQLLLSLLEAVIRTVTTLQQLLT,ATGGCGATAGCGAGTAGGGCGGAGGTGGAGCAGGGGAAGGGGAAGGGGGAGTTGACGTTGGCGTTGAAGACGGTGGCGGCGGGGTGTAGGAGGCAGCAGAGGAGTAGTACGTTGTATGTGTTGATATTTTTGGCGATATTTTTGAGTAAGTTTACGAATCAGTTGTTGTTGAGTTTGTTGGAGGCGGTGATAAGGACGGTGACGACGTTGCAGCAGTTGTTGACG,GATGGTAATCCGATCCCCAGTGCAATAGCAGCAAACTCGGGGATCTACTGAGTTGACGTTGGCGTTGAAGACGGTGGCGGCGGGGTGTAGGAGGCAGCAGAGGAGTAGTACGTTGTATGTGTTGATATTTTTGGCGATATTTTTGAGTAAGTTTACGAATCAGTTGTTGTTGAGTTTGTTGGAGGCGGTGATAAGGACGGTGACGACGTTGCAGCAGTTGTTGACG,7,"[(5, 'positive'), (9, 'hydrophobic'), (11, 'hydrophobic'), (16, 'hydrophobic')]"
ANETWKDYCIAESDATTATVVKPFKPG,24.162551713818537,MANETWKDYCIAESDATTATVVKPFKPGCRRQQRSSTLYVLIFLAIFLSKFTNQLLLSLLEAVIRTVTTLQQLLT,ATGGCGAATGAGACGTGGAAGGATTATTGTATAGCGGAGAGTGATGCGACGACGGCGACGGTGGTGAAGCCGTTTAAGCCGGGGTGTAGGAGGCAGCAGAGGAGTAGTACGTTGTATGTGTTGATATTTTTGGCGATATTTTTGAGTAAGTTTACGAATCAGTTGTTGTTGAGTTTGTTGGAGGCGGTGATAAGGACGGTGACGACGTTGCAGCAGTTGTTGACG,GATGGTAACCCGATCCCCTCGGCAATAGCAGCTAATTCCGGCATCTACTAGTACGGCGACGGTGGTGAAGCCGTTTAAGCCGGGGTGTAGGAGGCAGCAGAGGAGTAGTACGTTGTATGTGTTGATATTTTTGGCGATATTTTTGAGTAAGTTTACGAATCAGTTGTTGTTGAGTTTGTTGGAGGCGGTGATAAGGACGGTGACGACGTTGCAGCAGTTGTTGACG,8,"[(1, 'neutral'), (6, 'hydrophobic'), (7, 'hydrophobic'), (11, 'positive'), (13, 'neutral'), (15, 'neutral'), (16, 'hydrophobic')]"
NDHMEWRRRRVVNQSLDVFKARKKKKI,30.8164673806587,MNDHMEWRRRRVVNQSLDVFKARKKKKICRRQQRSSTLYVLIFLAIFLSKFTNQLLLSLLEAVIRTVTTLQQLLT,ATGAATGATCATATGGAGTGGAGGAGGAGGAGGGTGGTGAATCAGAGTTTGGATGTGTTTAAGGCGAGGAAGAAGAAGAAGATATGTAGGAGGCAGCAGAGGAGTAGTACGTTGTATGTGTTGATATTTTTGGCGATATTTTTGAGTAAGTTTACGAATCAGTTGTTGTTGAGTTTGTTGGAGGCGGTGATAAGGACGGTGACGACGTTGCAGCAGTTGTTGACG,GATGGAAACCCGATTCCCAGTGCGATCGCGGCGAATAGTGGCATCTACTAAGGATGTGTTTAAGGCGAGGAAGAAGAAGAAGATATGTAGGAGGCAGCAGAGGAGTAGTACGTTGTATGTGTTGATATTTTTGGCGATATTTTTGAGTAAGTTTACGAATCAGTTGTTGTTGAGTTTGTTGGAGGCGGTGATAAGGACGGTGACGACGTTGCAGCAGTTGTTGACG,8,"[(3, 'neutral'), (6, 'hydrophobic'), (11, 'hydrophobic'), (14, 'positive')]"
GEDTKWSEEYDRAGLNGVRTQQRTAKR,26.61023550814541,MGEDTKWSEEYDRAGLNGVRTQQRTAKRCRRQQRSSTLYVLIFLAIFLSKFTNQLLLSLLEAVIRTVTTLQQLLT,ATGGGGGAGGATACGAAGTGGAGTGAGGAGTATGATAGGGCGGGGTTGAATGGGGTGAGGACGCAGCAGAGGACGGCGAAGAGGTGTAGGAGGCAGCAGAGGAGTAGTACGTTGTATGTGTTGATATTTTTGGCGATATTTTTGAGTAAGTTTACGAATCAGTTGTTGTTGAGTTTGTTGGAGGCGGTGATAAGGACGGTGACGACGTTGCAGCAGTTGTTGACG,GATGGGAACCCGATCCCCAGTGCAATCGCAGCTAACTCGGGTATCTACTAGTGGGGTGAGGACGCAGCAGAGGACGGCGAAGAGGTGTAGGAGGCAGCAGAGGAGTAGTACGTTGTATGTGTTGATATTTTTGGCGATATTTTTGAGTAAGTTTACGAATCAGTTGTTGTTGAGTTTGTTGGAGGCGGTGATAAGGACGGTGACGACGTTGCAGCAGTTGTTGACG,8,"[(1, 'neutral'), (4, 'hydrophobic'), (7, 'hydrophobic'), (10, 'neutral'), (11, 'hydrophobic'), (13, 'neutral')]"
AIWSFNLWRGGIQDVDGAPTLALLRRN,31.606162448477253,MAIWSFNLWRGGIQDVDGAPTLALLRRNCRRQQRSSTLYVLIFLAIFLSKFTNQLLLSLLEAVIRTVTTLQQLLT,ATGGCGATATGGAGTTTTAATTTGTGGAGGGGGGGGATACAGGATGTGGATGGGGCGCCGACGTTGGCGTTGTTGAGGAGGAATTGTAGGAGGCAGCAGAGGAGTAGTACGTTGTATGTGTTGATATTTTTGGCGATATTTTTGAGTAAGTTTACGAATCAGTTGTTGTTGAGTTTGTTGGAGGCGGTGATAAGGACGGTGACGACGTTGCAGCAGTTGTTGACG,GATGGTAATCCGATCCCCTCAGCTATCGCGGCAAACAGTGGCATCTACTGATGGGGCGCCGACGTTGGCGTTGTTGAGGAGGAATTGTAGGAGGCAGCAGAGGAGTAGTACGTTGTATGTGTTGATATTTTTGGCGATATTTTTGAGTAAGTTTACGAATCAGTTGTTGTTGAGTTTGTTGGAGGCGGTGATAAGGACGGTGACGACGTTGCAGCAGTTGTTGACG,8,"[(5, 'hydrophobic'), (11, 'neutral'), (16, 'hydrophobic')]"
AKGVSDSWERGGGSDDVILTAGQLAAE,19.860420557947354,MAKGVSDSWERGGGSDDVILTAGQLAAECRRQQRSSTLYVLIFLAIFLSKFTNQLLLSLLEAVIRTVTTLQQLLT,ATGGCGAAGGGGGTGAGTGATAGTTGGGAGAGGGGGGGGGGGAGTGATGATGTGATATTGACGGCGGGGCAGTTGGCGGCGGAGTGTAGGAGGCAGCAGAGGAGTAGTACGTTGTATGTGTTGATATTTTTGGCGATATTTTTGAGTAAGTTTACGAATCAGTTGTTGTTGAGTTTGTTGGAGGCGGTGATAAGGACGGTGACGACGTTGCAGCAGTTGTTGACG,GATGGTAACCCGATTCCATCAGCAATAGCAGCGAACTCCGGGATCTACTGATGTGATATTGACGGCGGGGCAGTTGGCGGCGGAGTGTAGGAGGCAGCAGAGGAGTAGTACGTTGTATGTGTTGATATTTTTGGCGATATTTTTGAGTAAGTTTACGAATCAGTTGTTGTTGAGTTTGTTGGAGGCGGTGATAAGGACGGTGACGACGTTGCAGCAGTTGTTGACG,8,"[(9, 'hydrophobic'), (10, 'neutral'), (12, 'neutral'), (16, 'hydrophobic')]"
TIQLFWSKSQRGLRETTAEVAAGRRSR,37.86866761863523,MTIQLFWSKSQRGLRETTAEVAAGRRSRCRRQQRSSTLYVLIFLAIFLSKFTNQLLLSLLEAVIRTVTTLQQLLT,ATGACGATACAGTTGTTTTGGAGTAAGAGTCAGAGGGGGTTGAGGGAGACGACGGCGGAGGTGGCGGCGGGGAGGAGGAGTAGGTGTAGGAGGCAGCAGAGGAGTAGTACGTTGTATGTGTTGATATTTTTGGCGATATTTTTGAGTAAGTTTACGAATCAGTTGTTGTTGAGTTTGTTGGAGGCGGTGATAAGGACGGTGACGACGTTGCAGCAGTTGTTGACG,GATGGAAATCCGATACCCAGTGCAATCGCAGCAAACTCCGGTATCTACTAGTACGGCGGAGGTGGCGGCGGGGAGGAGGAGTAGGTGTAGGAGGCAGCAGAGGAGTAGTACGTTGTATGTGTTGATATTTTTGGCGATATTTTTGAGTAAGTTTACGAATCAGTTGTTGTTGAGTTTGTTGGAGGCGGTGATAAGGACGGTGACGACGTTGCAGCAGTTGTTGACG,8,"[(1, 'neutral'), (4, 'hydrophobic'), (8, 'neutral'), (10, 'neutral'), (11, 'hydrophobic'), (13, 'hydrophobic')]"
TKSSSSDSRYGNEGREIEKAVQQTSEK,27.08327311161579,MTKSSSSDSRYGNEGREIEKAVQQTSEKCRRQQRSSTLYVLIFLAIFLSKFTNQLLLSLLEAVIRTVTTLQQLLT,ATGACGAAGAGTAGTAGTAGTGATAGTAGGTATGGGAATGAGGGGAGGGAGATAGAGAAGGCGGTGCAGCAGACGAGTGAGAAGTGTAGGAGGCAGCAGAGGAGTAGTACGTTGTATGTGTTGATATTTTTGGCGATATTTTTGAGTAAGTTTACGAATCAGTTGTTGTTGAGTTTGTTGGAGGCGGTGATAAGGACGGTGACGACGTTGCAGCAGTTGTTGACG,GATGGAAACCCGATCCCCTCAGCAATCGCGGCTAACTCAGGAATCTACTGAGATAGAGAAGGCGGTGCAGCAGACGAGTGAGAAGTGTAGGAGGCAGCAGAGGAGTAGTACGTTGTATGTGTTGATATTTTTGGCGATATTTTTGAGTAAGTTTACGAATCAGTTGTTGTTGAGTTTGTTGGAGGCGGTGATAAGGACGGTGACGACGTTGCAGCAGTTGTTGACG,8,"[(5, 'neutral'), (7, 'hydrophobic'), (11, 'neutral')]"
EIDSSGWGGMQSGSEGTSGNGGQKKVV,44.73189447059764,MEIDSSGWGGMQSGSEGTSGNGGQKKVVCRRQQRSSTLYVLIFLAIFLSKFTNQLLLSLLEAVIRTVTTLQQLLT,ATGGAGATAGATAGTAGTGGGTGGGGGGGGATGCAGAGTGGGAGTGAGGGGACGAGTGGGAATGGGGGGCAGAAGAAGGTGGTGTGTAGGAGGCAGCAGAGGAGTAGTACGTTGTATGTGTTGATATTTTTGGCGATATTTTTGAGTAAGTTTACGAATCAGTTGTTGTTGAGTTTGTTGGAGGCGGTGATAAGGACGGTGACGACGTTGCAGCAGTTGTTGACG,GATGGAAATCCGATCCCCTCAGCTATCGCAGCTAACTCAGGGATCTACTAACACGAGTGGGAATGGGGGGCAGAAGAAGGTGGTGTGTAGGAGGCAGCAGAGGAGTAGTACGTTGTATGTGTTGATATTTTTGGCGATATTTTTGAGTAAGTTTACGAATCAGTTGTTGTTGAGTTTGTTGGAGGCGGTGATAAGGACGGTGACGACGTTGCAGCAGTTGTTGACG,8,"[(5, 'neutral'), (7, 'hydrophobic'), (10, 'hydrophobic')]"
TAMKQWYVSGLTGDLKILVTSTYNNKE,33.47518030694451,MTAMKQWYVSGLTGDLKILVTSTYNNKECRRQQRSSTLYVLIFLAIFLSKFTNQLLLSLLEAVIRTVTTLQQLLT,ATGACGGCGATGAAGCAGTGGTATGTGAGTGGGTTGACGGGGGATTTGAAGATATTGGTGACGAGTACGTATAATAATAAGGAGTGTAGGAGGCAGCAGAGGAGTAGTACGTTGTATGTGTTGATATTTTTGGCGATATTTTTGAGTAAGTTTACGAATCAGTTGTTGTTGAGTTTGTTGGAGGCGGTGATAAGGACGGTGACGACGTTGCAGCAGTTGTTGACG,GATGGAAACCCTATTCCATCAGCTATCGCAGCAAATTCAGGGATCTACTAGGATATTGGTGACGAGTACGTATAATAATAAGGAGTGTAGGAGGCAGCAGAGGAGTAGTACGTTGTATGTGTTGATATTTTTGGCGATATTTTTGAGTAAGTTTACGAATCAGTTGTTGTTGAGTTTGTTGGAGGCGGTGATAAGGACGGTGACGACGTTGCAGCAGTTGTTGACG,8,"[(1, 'positive'), (5, 'neutral'), (6, 'hydrophobic'), (8, 'neutral'), (10, 'hydrophobic'), (14, 'hydrophobic')]"
DKQSREDRVGYDVMDDKDVVGTQFKLG,21.68527584001564,MDKQSREDRVGYDVMDDKDVVGTQFKLGCRRQQRSSTLYVLIFLAIFLSKFTNQLLLSLLEAVIRTVTTLQQLLT,ATGGATAAGCAGAGTAGGGAGGATAGGGTGGGGTATGATGTGATGGATGATAAGGATGTGGTGGGGACGCAGTTTAAGTTGGGGTGTAGGAGGCAGCAGAGGAGTAGTACGTTGTATGTGTTGATATTTTTGGCGATATTTTTGAGTAAGTTTACGAATCAGTTGTTGTTGAGTTTGTTGGAGGCGGTGATAAGGACGGTGACGACGTTGCAGCAGTTGTTGACG,GATGGAAACCCAATTCCGTCAGCAATCGCTGCAAATTCCGGTATATACTGATAAGGATGTGGTGGGGACGCAGTTTAAGTTGGGGTGTAGGAGGCAGCAGAGGAGTAGTACGTTGTATGTGTTGATATTTTTGGCGATATTTTTGAGTAAGTTTACGAATCAGTTGTTGTTGAGTTTGTTGGAGGCGGTGATAAGGACGGTGACGACGTTGCAGCAGTTGTTGACG,8,"[(3, 'hydrophobic'), (6, 'hydrophobic'), (8, 'hydrophobic')]"
DDMIVGAKYSSGTGAGDNQVGTQLKKR,30.18013896189159,MDDMIVGAKYSSGTGAGDNQVGTQLKKRCRRQQRSSTLYVLIFLAIFLSKFTNQLLLSLLEAVIRTVTTLQQLLT,ATGGATGATATGATAGTGGGGGCGAAGTATAGTAGTGGGACGGGGGCGGGGGATAATCAGGTGGGGACGCAGTTGAAGAAGAGGTGTAGGAGGCAGCAGAGGAGTAGTACGTTGTATGTGTTGATATTTTTGGCGATATTTTTGAGTAAGTTTACGAATCAGTTGTTGTTGAGTTTGTTGGAGGCGGTGATAAGGACGGTGACGACGTTGCAGCAGTTGTTGACG,GATGGAAACCCTATTCCTTCAGCTATCGCTGCAAACTCCGGCATCTATTAACGATAATCAGGTGGGGACGCAGTTGAAGAAGAGGTGTAGGAGGCAGCAGAGGAGTAGTACGTTGTATGTGTTGATATTTTTGGCGATATTTTTGAGTAAGTTTACGAATCAGTTGTTGTTGAGTTTGTTGGAGGCGGTGATAAGGACGGTGACGACGTTGCAGCAGTTGTTGACG,8,"[(2, 'hydrophobic'), (6, 'neutral'), (7, 'neutral'), (8, 'hydrophobic'), (10, 'hydrophobic'), (12, 'hydrophobic'), (14, 'hydrophobic')]"
FQQSGRDYYVEGGDLARLANTSHAPKI,27.425870763025337,MFQQSGRDYYVEGGDLARLANTSHAPKICRRQQRSSTLYVLIFLAIFLSKFTNQLLLSLLEAVIRTVTTLQQLLT,ATGTTTCAGCAGAGTGGGAGGGATTATTATGTGGAGGGGGGGGATTTGGCGAGGTTGGCGAATACGAGTCATGCGCCGAAGATATGTAGGAGGCAGCAGAGGAGTAGTACGTTGTATGTGTTGATATTTTTGGCGATATTTTTGAGTAAGTTTACGAATCAGTTGTTGTTGAGTTTGTTGGAGGCGGTGATAAGGACGGTGACGACGTTGCAGCAGTTGTTGACG,GATGGTAACCCGATCCCCTCGGCAATAGCAGCTAACTCCGGGATCTATTAAGAGGTTGGCGAATACGAGTCATGCGCCGAAGATATGTAGGAGGCAGCAGAGGAGTAGTACGTTGTATGTGTTGATATTTTTGGCGATATTTTTGAGTAAGTTTACGAATCAGTTGTTGTTGAGTTTGTTGGAGGCGGTGATAAGGACGGTGACGACGTTGCAGCAGTTGTTGACG,8,"[(2, 'hydrophobic'), (7, 'hydrophobic'), (15, 'neutral'), (16, 'hydrophobic')]"
PPQSMSWTGNYGGKSDNAVEFTSRNPT,39.83982296673283,MPPQSMSWTGNYGGKSDNAVEFTSRNPTCRRQQRSSTLYVLIFLAIFLSKFTNQLLLSLLEAVIRTVTTLQQLLT,ATGCCGCCGCAGAGTATGAGTTGGACGGGGAATTATGGGGGGAAGAGTGATAATGCGGTGGAGTTTACGAGTAGGAATCCGACGTGTAGGAGGCAGCAGAGGAGTAGTACGTTGTATGTGTTGATATTTTTGGCGATATTTTTGAGTAAGTTTACGAATCAGTTGTTGTTGAGTTTGTTGGAGGCGGTGATAAGGACGGTGACGACGTTGCAGCAGTTGTTGACG,GATGGAAACCCGATCCCCTCAGCTATCGCAGCAAATTCCGGGATCTATTGATAATGCGGTGGAGTTTACGAGTAGGAATCCGACGTGTAGGAGGCAGCAGAGGAGTAGTACGTTGTATGTGTTGATATTTTTGGCGATATTTTTGAGTAAGTTTACGAATCAGTTGTTGTTGAGTTTGTTGGAGGCGGTGATAAGGACGGTGACGACGTTGCAGCAGTTGTTGACG,8,"[(6, 'hydrophobic'), (7, 'neutral'), (9, 'neutral'), (10, 'hydrophobic'), (11, 'neutral')]"
TRISVIWECQFLALDALRLAESTRLRK,67.3183965822648,MTRISVIWECQFLALDALRLAESTRLRKCRRQQRSSTLYVLIFLAIFLSKFTNQLLLSLLEAVIRTVTTLQQLLT,ATGACGAGGATAAGTGTGATATGGGAGTGTCAGTTTTTGGCGTTGGATGCGTTGAGGTTGGCGGAGAGTACGAGGTTGAGGAAGTGTAGGAGGCAGCAGAGGAGTAGTACGTTGTATGTGTTGATATTTTTGGCGATATTTTTGAGTAAGTTTACGAATCAGTTGTTGTTGAGTTTGTTGGAGGCGGTGATAAGGACGGTGACGACGTTGCAGCAGTTGTTGACG,GATGGAAACCCGATCCCCAGTGCTATCGCAGCAAATTCTGGTATATACTAAGTTGAGGTTGGCGGAGAGTACGAGGTTGAGGAAGTGTAGGAGGCAGCAGAGGAGTAGTACGTTGTATGTGTTGATATTTTTGGCGATATTTTTGAGTAAGTTTACGAATCAGTTGTTGTTGAGTTTGTTGGAGGCGGTGATAAGGACGGTGACGACGTTGCAGCAGTTGTTGACG,8,"[(3, 'hydrophobic'), (4, 'hydrophobic'), (6, 'hydrophobic'), (10, 'hydrophobic'), (11, 'hydrophobic')]"
TIVEGMKLRLTKDGDTGLSSVKTRRLV,36.35095390432094,MTIVEGMKLRLTKDGDTGLSSVKTRRLVCRRQQRSSTLYVLIFLAIFLSKFTNQLLLSLLEAVIRTVTTLQQLLT,ATGACGATAGTGGAGGGGATGAAGTTGAGGTTGACGAAGGATGGGGATACGGGGTTGAGTAGTGTGAAGACGAGGAGGTTGGTGTGTAGGAGGCAGCAGAGGAGTAGTACGTTGTATGTGTTGATATTTTTGGCGATATTTTTGAGTAAGTTTACGAATCAGTTGTTGTTGAGTTTGTTGGAGGCGGTGATAAGGACGGTGACGACGTTGCAGCAGTTGTTGACG,GATGGAAATCCGATTCCCAGTGCGATCGCGGCTAACTCCGGAATCTACTAGTGGGTTGAGTAGTGTGAAGACGAGGAGGTTGGTGTGTAGGAGGCAGCAGAGGAGTAGTACGTTGTATGTGTTGATATTTTTGGCGATATTTTTGAGTAAGTTTACGAATCAGTTGTTGTTGAGTTTGTTGGAGGCGGTGATAAGGACGGTGACGACGTTGCAGCAGTTGTTGACG,8,"[(1, 'neutral'), (10, 'positive'), (11, 'hydrophobic')]"
NMLEESSRIRGLDLMLIVLVTKRGAGR,47.579314574187215,MNMLEESSRIRGLDLMLIVLVTKRGAGRCRRQQRSSTLYVLIFLAIFLSKFTNQLLLSLLEAVIRTVTTLQQLLT,ATGAATATGTTGGAGGAGAGTAGTAGGATAAGGGGGTTGGATTTGATGTTGATAGTGTTGGTGACGAAGAGGGGGGCGGGGAGGTGTAGGAGGCAGCAGAGGAGTAGTACGTTGTATGTGTTGATATTTTTGGCGATATTTTTGAGTAAGTTTACGAATCAGTTGTTGTTGAGTTTGTTGGAGGCGGTGATAAGGACGGTGACGACGTTGCAGCAGTTGTTGACG,GATGGAAACCCTATTCCCTCAGCAATCGCTGCGAACAGTGGAATCTATTAAGATAGTGTTGGTGACGAAGAGGGGGGCGGGGAGGTGTAGGAGGCAGCAGAGGAGTAGTACGTTGTATGTGTTGATATTTTTGGCGATATTTTTGAGTAAGTTTACGAATCAGTTGTTGTTGAGTTTGTTGGAGGCGGTGATAAGGACGGTGACGACGTTGCAGCAGTTGTTGACG,8,"[(5, 'hydrophobic'), (8, 'hydrophobic'), (10, 'neutral'), (11, 'neutral')]"
DHIERLGWERACEKAKEIVRTSQTRKF,22.462694151443213,MDHIERLGWERACEKAKEIVRTSQTRKFCRRQQRSSTLYVLIFLAIFLSKFTNQLLLSLLEAVIRTVTTLQQLLT,ATGGATCATATAGAGAGGTTGGGGTGGGAGAGGGCGTGTGAGAAGGCGAAGGAGATAGTGAGGACGAGTCAGACGAGGAAGTTTTGTAGGAGGCAGCAGAGGAGTAGTACGTTGTATGTGTTGATATTTTTGGCGATATTTTTGAGTAAGTTTACGAATCAGTTGTTGTTGAGTTTGTTGGAGGCGGTGATAAGGACGGTGACGACGTTGCAGCAGTTGTTGACG,GATGGAAACCCTATTCCGTCAGCAATAGCAGCGAATTCCGGAATCTACTAGGGAGATAGTGAGGACGAGTCAGACGAGGAAGTTTTGTAGGAGGCAGCAGAGGAGTAGTACGTTGTATGTGTTGATATTTTTGGCGATATTTTTGAGTAAGTTTACGAATCAGTTGTTGTTGAGTTTGTTGGAGGCGGTGATAAGGACGGTGACGACGTTGCAGCAGTTGTTGACG,8,"[(1, 'positive'), (6, 'hydrophobic'), (9, 'hydrophobic'), (14, 'hydrophobic')]"
MASKEGQVRQSQGGALVQSKTQTNAEG,31.61798729552236,MMASKEGQVRQSQGGALVQSKTQTNAEGCRRQQRSSTLYVLIFLAIFLSKFTNQLLLSLLEAVIRTVTTLQQLLT,ATGATGGCGAGTAAGGAGGGGCAGGTGAGGCAGAGTCAGGGGGGGGCGTTGGTGCAGAGTAAGACGCAGACGAATGCGGAGGGGTGTAGGAGGCAGCAGAGGAGTAGTACGTTGTATGTGTTGATATTTTTGGCGATATTTTTGAGTAAGTTTACGAATCAGTTGTTGTTGAGTTTGTTGGAGGCGGTGATAAGGACGGTGACGACGTTGCAGCAGTTGTTGACG,GATGGTAACCCAATTCCCTCAGCAATCGCGGCAAACTCAGGGATCTATTAAGGTGCAGAGTAAGACGCAGACGAATGCGGAGGGGTGTAGGAGGCAGCAGAGGAGTAGTACGTTGTATGTGTTGATATTTTTGGCGATATTTTTGAGTAAGTTTACGAATCAGTTGTTGTTGAGTTTGTTGGAGGCGGTGATAAGGACGGTGACGACGTTGCAGCAGTTGTTGACG,8,"[(2, 'hydrophobic'), (14, 'neutral'), (16, 'hydrophobic')]"
NNGRNWQRRYSYGGLTLDLAVEESGKF,22.702075422332392,MNNGRNWQRRYSYGGLTLDLAVEESGKFCRRQQRSSTLYVLIFLAIFLSKFTNQLLLSLLEAVIRTVTTLQQLLT,ATGAATAATGGGAGGAATTGGCAGAGGAGGTATAGTTATGGGGGGTTGACGTTGGATTTGGCGGTGGAGGAGAGTGGGAAGTTTTGTAGGAGGCAGCAGAGGAGTAGTACGTTGTATGTGTTGATATTTTTGGCGATATTTTTGAGTAAGTTTACGAATCAGTTGTTGTTGAGTTTGTTGGAGGCGGTGATAAGGACGGTGACGACGTTGCAGCAGTTGTTGACG,GATGGAAACCCGATTCCCAGTGCAATCGCGGCTAACAGTGGGATCTACTAGTTTGGATTTGGCGGTGGAGGAGAGTGGGAAGTTTTGTAGGAGGCAGCAGAGGAGTAGTACGTTGTATGTGTTGATATTTTTGGCGATATTTTTGAGTAAGTTTACGAATCAGTTGTTGTTGAGTTTGTTGGAGGCGGTGATAAGGACGGTGACGACGTTGCAGCAGTTGTTGACG,8,"[(1, 'neutral'), (5, 'hydrophobic'), (7, 'hydrophobic'), (11, 'hydrophobic'), (15, 'neutral')]"
KMSTERDSCFGGLNSDDELTVVKQSKA,25.847270727232814,MKMSTERDSCFGGLNSDDELTVVKQSKACRRQQRSSTLYVLIFLAIFLSKFTNQLLLSLLEAVIRTVTTLQQLLT,ATGAAGATGAGTACGGAGAGGGATAGTTGTTTTGGGGGGTTGAATAGTGATGATGAGTTGACGGTGGTGAAGCAGAGTAAGGCGTGTAGGAGGCAGCAGAGGAGTAGTACGTTGTATGTGTTGATATTTTTGGCGATATTTTTGAGTAAGTTTACGAATCAGTTGTTGTTGAGTTTGTTGGAGGCGGTGATAAGGACGGTGACGACGTTGCAGCAGTTGTTGACG,GATGGAAATCCGATCCCCTCGGCAATCGCAGCTAACTCCGGTATCTACTGATGATGAGTTGACGGTGGTGAAGCAGAGTAAGGCGTGTAGGAGGCAGCAGAGGAGTAGTACGTTGTATGTGTTGATATTTTTGGCGATATTTTTGAGTAAGTTTACGAATCAGTTGTTGTTGAGTTTGTTGGAGGCGGTGATAAGGACGGTGACGACGTTGCAGCAGTTGTTGACG,8,"[(3, 'neutral'), (4, 'hydrophobic'), (7, 'hydrophobic'), (13, 'neutral')]"
MIKSSAGDIEGGELCTGKTLLITHRKG,39.199618043492436,MMIKSSAGDIEGGELCTGKTLLITHRKGCRRQQRSSTLYVLIFLAIFLSKFTNQLLLSLLEAVIRTVTTLQQLLT,ATGATGATAAAGAGTAGTGCGGGGGATATAGAGGGGGGGGAGTTGTGTACGGGGAAGACGTTGTTGATAACGCATAGGAAGGGGTGTAGGAGGCAGCAGAGGAGTAGTACGTTGTATGTGTTGATATTTTTGGCGATATTTTTGAGTAAGTTTACGAATCAGTTGTTGTTGAGTTTGTTGGAGGCGGTGATAAGGACGGTGACGACGTTGCAGCAGTTGTTGACG,GATGGTAATCCGATCCCCAGTGCAATCGCTGCAAACTCCGGAATATACTAGTGGGAAGACGTTGTTGATAACGCATAGGAAGGGGTGTAGGAGGCAGCAGAGGAGTAGTACGTTGTATGTGTTGATATTTTTGGCGATATTTTTGAGTAAGTTTACGAATCAGTTGTTGTTGAGTTTGTTGGAGGCGGTGATAAGGACGGTGACGACGTTGCAGCAGTTGTTGACG,8,"[(1, 'neutral'), (3, 'hydrophobic'), (8, 'hydrophobic'), (11, 'hydrophobic'), (16, 'hydrophobic')]"
PLDSSGRSEVYGAESAKKAAQDGQKKV,27.260486459228147,MPLDSSGRSEVYGAESAKKAAQDGQKKVCRRQQRSSTLYVLIFLAIFLSKFTNQLLLSLLEAVIRTVTTLQQLLT,ATGCCGTTGGATAGTAGTGGGAGGAGTGAGGTGTATGGGGCGGAGAGTGCGAAGAAGGCGGCGCAGGATGGGCAGAAGAAGGTGTGTAGGAGGCAGCAGAGGAGTAGTACGTTGTATGTGTTGATATTTTTGGCGATATTTTTGAGTAAGTTTACGAATCAGTTGTTGTTGAGTTTGTTGGAGGCGGTGATAAGGACGGTGACGACGTTGCAGCAGTTGTTGACG,GATGGAAATCCGATCCCCTCAGCGATCGCAGCTAATTCCGGTATCTACTAAGAAGAAGGCGGCGCAGGATGGGCAGAAGAAGGTGTGTAGGAGGCAGCAGAGGAGTAGTACGTTGTATGTGTTGATATTTTTGGCGATATTTTTGAGTAAGTTTACGAATCAGTTGTTGTTGAGTTTGTTGGAGGCGGTGATAAGGACGGTGACGACGTTGCAGCAGTTGTTGACG,8,"[(2, 'neutral'), (4, 'hydrophobic'), (6, 'hydrophobic'), (7, 'hydrophobic'), (15, 'hydrophobic')]"
IQADAIWCQGTAKVSSDLGRVKKALQA,27.572404508001252,MIQADAIWCQGTAKVSSDLGRVKKALQACRRQQRSSTLYVLIFLAIFLSKFTNQLLLSLLEAVIRTVTTLQQLLT,ATGATACAGGCGGATGCGATATGGTGTCAGGGGACGGCGAAGGTGAGTAGTGATTTGGGGAGGGTGAAGAAGGCGTTGCAGGCGTGTAGGAGGCAGCAGAGGAGTAGTACGTTGTATGTGTTGATATTTTTGGCGATATTTTTGAGTAAGTTTACGAATCAGTTGTTGTTGAGTTTGTTGGAGGCGGTGATAAGGACGGTGACGACGTTGCAGCAGTTGTTGACG,GATGGTAACCCTATTCCCAGTGCTATCGCAGCAAACTCCGGCATATATTAGTGATTTGGGGAGGGTGAAGAAGGCGTTGCAGGCGTGTAGGAGGCAGCAGAGGAGTAGTACGTTGTATGTGTTGATATTTTTGGCGATATTTTTGAGTAAGTTTACGAATCAGTTGTTGTTGAGTTTGTTGGAGGCGGTGATAAGGACGGTGACGACGTTGCAGCAGTTGTTGACG,8,"[(3, 'hydrophobic'), (10, 'hydrophobic'), (11, 'hydrophobic'), (14, 'hydrophobic'), (16, 'hydrophobic')]"
IRQSEMWEKLGEEDALADKVTQKYNTG,23.823963209758613,MIRQSEMWEKLGEEDALADKVTQKYNTGCRRQQRSSTLYVLIFLAIFLSKFTNQLLLSLLEAVIRTVTTLQQLLT,ATGATAAGGCAGAGTGAGATGTGGGAGAAGTTGGGGGAGGAGGATGCGTTGGCGGATAAGGTGACGCAGAAGTATAATACGGGGTGTAGGAGGCAGCAGAGGAGTAGTACGTTGTATGTGTTGATATTTTTGGCGATATTTTTGAGTAAGTTTACGAATCAGTTGTTGTTGAGTTTGTTGGAGGCGGTGATAAGGACGGTGACGACGTTGCAGCAGTTGTTGACG,GATGGTAACCCGATCCCCAGTGCTATCGCGGCTAACTCCGGAATCTATTAAGGCGGATAAGGTGACGCAGAAGTATAATACGGGGTGTAGGAGGCAGCAGAGGAGTAGTACGTTGTATGTGTTGATATTTTTGGCGATATTTTTGAGTAAGTTTACGAATCAGTTGTTGTTGAGTTTGTTGGAGGCGGTGATAAGGACGGTGACGACGTTGCAGCAGTTGTTGACG,8,"[(2, 'hydrophobic'), (8, 'positive'), (10, 'hydrophobic'), (11, 'hydrophobic'), (16, 'hydrophobic')]"
NKESKARMCNKNGNKGAKLVGNKGRKV,30.97497434503684,MNKESKARMCNKNGNKGAKLVGNKGRKVCRRQQRSSTLYVLIFLAIFLSKFTNQLLLSLLEAVIRTVTTLQQLLT,ATGAATAAGGAGAGTAAGGCGAGGATGTGTAATAAGAATGGGAATAAGGGGGCGAAGTTGGTGGGGAATAAGGGGAGGAAGGTGTGTAGGAGGCAGCAGAGGAGTAGTACGTTGTATGTGTTGATATTTTTGGCGATATTTTTGAGTAAGTTTACGAATCAGTTGTTGTTGAGTTTGTTGGAGGCGGTGATAAGGACGGTGACGACGTTGCAGCAGTTGTTGACG,GATGGAAACCCGATCCCCAGTGCGATAGCAGCAAACTCAGGGATCTACTAACGCGAAGTTGGTGGGGAATAAGGGGAGGAAGGTGTGTAGGAGGCAGCAGAGGAGTAGTACGTTGTATGTGTTGATATTTTTGGCGATATTTTTGAGTAAGTTTACGAATCAGTTGTTGTTGAGTTTGTTGGAGGCGGTGATAAGGACGGTGACGACGTTGCAGCAGTTGTTGACG,8,"[(3, 'neutral'), (5, 'neutral'), (7, 'neutral'), (9, 'hydrophobic'), (11, 'hydrophobic')]"
MDGRAMLSRYGGLAEAHIVAGQEATAN,22.126608956159917,MMDGRAMLSRYGGLAEAHIVAGQEATANCRRQQRSSTLYVLIFLAIFLSKFTNQLLLSLLEAVIRTVTTLQQLLT,ATGATGGATGGGAGGGCGATGTTGAGTAGGTATGGGGGGTTGGCGGAGGCGCATATAGTGGCGGGGCAGGAGGCGACGGCGAATTGTAGGAGGCAGCAGAGGAGTAGTACGTTGTATGTGTTGATATTTTTGGCGATATTTTTGAGTAAGTTTACGAATCAGTTGTTGTTGAGTTTGTTGGAGGCGGTGATAAGGACGGTGACGACGTTGCAGCAGTTGTTGACG,GATGGTAACCCGATTCCCAGTGCTATCGCGGCTAACTCCGGTATATACTAAGCATATAGTGGCGGGGCAGGAGGCGACGGCGAATTGTAGGAGGCAGCAGAGGAGTAGTACGTTGTATGTGTTGATATTTTTGGCGATATTTTTGAGTAAGTTTACGAATCAGTTGTTGTTGAGTTTGTTGGAGGCGGTGATAAGGACGGTGACGACGTTGCAGCAGTTGTTGACG,8,"[(3, 'hydrophobic'), (4, 'hydrophobic'), (7, 'hydrophobic'), (11, 'hydrophobic'), (16, 'hydrophobic')]"
PKESAMWYYYGLRLSDDIAEKEQPKTL,34.7049492333062,MPKESAMWYYYGLRLSDDIAEKEQPKTLCRRQQRSSTLYVLIFLAIFLSKFTNQLLLSLLEAVIRTVTTLQQLLT,ATGCCGAAGGAGAGTGCGATGTGGTATTATTATGGGTTGAGGTTGAGTGATGATATAGCGGAGAAGGAGCAGCCGAAGACGTTGTGTAGGAGGCAGCAGAGGAGTAGTACGTTGTATGTGTTGATATTTTTGGCGATATTTTTGAGTAAGTTTACGAATCAGTTGTTGTTGAGTTTGTTGGAGGCGGTGATAAGGACGGTGACGACGTTGCAGCAGTTGTTGACG,GATGGAAACCCGATCCCCAGTGCTATAGCAGCTAACAGTGGCATATATTGATGATATAGCGGAGAAGGAGCAGCCGAAGACGTTGTGTAGGAGGCAGCAGAGGAGTAGTACGTTGTATGTGTTGATATTTTTGGCGATATTTTTGAGTAAGTTTACGAATCAGTTGTTGTTGAGTTTGTTGGAGGCGGTGATAAGGACGGTGACGACGTTGCAGCAGTTGTTGACG,8,"[(3, 'hydrophobic'), (5, 'hydrophobic'), (7, 'hydrophobic'), (10, 'hydrophobic'), (11, 'hydrophobic')]"
GMQSWRGRLGGLGERSGAGVIVHAVST,33.22987881774747,MGMQSWRGRLGGLGERSGAGVIVHAVSTCRRQQRSSTLYVLIFLAIFLSKFTNQLLLSLLEAVIRTVTTLQQLLT,ATGGGGATGCAGAGTTGGAGGGGGAGGTTGGGGGGGTTGGGGGAGAGGAGTGGGGCGGGGGTGATAGTGCATGCGGTGAGTACGTGTAGGAGGCAGCAGAGGAGTAGTACGTTGTATGTGTTGATATTTTTGGCGATATTTTTGAGTAAGTTTACGAATCAGTTGTTGTTGAGTTTGTTGGAGGCGGTGATAAGGACGGTGACGACGTTGCAGCAGTTGTTGACG,GATGGGAATCCGATCCCCTCGGCAATCGCTGCAAACAGTGGGATCTACTAGTGGGGCGGGGGTGATAGTGCATGCGGTGAGTACGTGTAGGAGGCAGCAGAGGAGTAGTACGTTGTATGTGTTGATATTTTTGGCGATATTTTTGAGTAAGTTTACGAATCAGTTGTTGTTGAGTTTGTTGGAGGCGGTGATAAGGACGGTGACGACGTTGCAGCAGTTGTTGACG,8,"[(5, 'hydrophobic')]"
GIIGESAERENVADVLGLADVLALREQ,21.62413647921443,MGIIGESAERENVADVLGLADVLALREQCRRQQRSSTLYVLIFLAIFLSKFTNQLLLSLLEAVIRTVTTLQQLLT,ATGGGGATAATAGGGGAGAGTGCGGAGAGGGAGAATGTGGCGGATGTGTTGGGGTTGGCGGATGTGTTGGCGTTGAGGGAGCAGTGTAGGAGGCAGCAGAGGAGTAGTACGTTGTATGTGTTGATATTTTTGGCGATATTTTTGAGTAAGTTTACGAATCAGTTGTTGTTGAGTTTGTTGGAGGCGGTGATAAGGACGGTGACGACGTTGCAGCAGTTGTTGACG,GATGGGAATCCGATTCCCTCAGCTATCGCGGCAAATAGTGGTATCTATTAAGGGGTTGGCGGATGTGTTGGCGTTGAGGGAGCAGTGTAGGAGGCAGCAGAGGAGTAGTACGTTGTATGTGTTGATATTTTTGGCGATATTTTTGAGTAAGTTTACGAATCAGTTGTTGTTGAGTTTGTTGGAGGCGGTGATAAGGACGGTGACGACGTTGCAGCAGTTGTTGACG,8,"[(2, 'hydrophobic'), (4, 'hydrophobic'), (10, 'hydrophobic'), (11, 'neutral')]"
DITDKWSYRGGLGNDGEKVKRTLGEPQ,23.22466678522068,MDITDKWSYRGGLGNDGEKVKRTLGEPQCRRQQRSSTLYVLIFLAIFLSKFTNQLLLSLLEAVIRTVTTLQQLLT,ATGGATATAACGGATAAGTGGAGTTATAGGGGGGGGTTGGGGAATGATGGGGAGAAGGTGAAGAGGACGTTGGGGGAGCCGCAGTGTAGGAGGCAGCAGAGGAGTAGTACGTTGTATGTGTTGATATTTTTGGCGATATTTTTGAGTAAGTTTACGAATCAGTTGTTGTTGAGTTTGTTGGAGGCGGTGATAAGGACGGTGACGACGTTGCAGCAGTTGTTGACG,GATGGAAACCCAATTCCCAGTGCAATCGCGGCAAACAGTGGGATCTACTAACGAGAAGGTGAAGAGGACGTTGGGGGAGCCGCAGTGTAGGAGGCAGCAGAGGAGTAGTACGTTGTATGTGTTGATATTTTTGGCGATATTTTTGAGTAAGTTTACGAATCAGTTGTTGTTGAGTTTGTTGGAGGCGGTGATAAGGACGGTGACGACGTTGCAGCAGTTGTTGACG,8,"[(3, 'neutral'), (5, 'hydrophobic'), (10, 'neutral'), (11, 'hydrophobic'), (14, 'neutral')]"
TPSSEEWVSRSGGLLNKDLLDYGLHVK,18.31292563413021,MTPSSEEWVSRSGGLLNKDLLDYGLHVKCRRQQRSSTLYVLIFLAIFLSKFTNQLLLSLLEAVIRTVTTLQQLLT,ATGACGCCGAGTAGTGAGGAGTGGGTGAGTAGGAGTGGGGGGTTGTTGAATAAGGATTTGTTGGATTATGGGTTGCATGTGAAGTGTAGGAGGCAGCAGAGGAGTAGTACGTTGTATGTGTTGATATTTTTGGCGATATTTTTGAGTAAGTTTACGAATCAGTTGTTGTTGAGTTTGTTGGAGGCGGTGATAAGGACGGTGACGACGTTGCAGCAGTTGTTGACG,GATGGAAACCCGATCCCCTCAGCTATCGCAGCGAACTCCGGGATATACTAGTAAGGATTTGTTGGATTATGGGTTGCATGTGAAGTGTAGGAGGCAGCAGAGGAGTAGTACGTTGTATGTGTTGATATTTTTGGCGATATTTTTGAGTAAGTTTACGAATCAGTTGTTGTTGAGTTTGTTGGAGGCGGTGATAAGGACGGTGACGACGTTGCAGCAGTTGTTGACG,8,"[(1, 'neutral'), (3, 'hydrophobic'), (6, 'neutral'), (8, 'neutral'), (10, 'hydrophobic')]"
MMDSTGKMYVGGEDLLNLQCINSRRGE,29.04110143020194,MMMDSTGKMYVGGEDLLNLQCINSRRGECRRQQRSSTLYVLIFLAIFLSKFTNQLLLSLLEAVIRTVTTLQQLLT,ATGATGATGGATAGTACGGGGAAGATGTATGTGGGGGGGGAGGATTTGTTGAATTTGCAGTGTATAAATAGTAGGAGGGGGGAGTGTAGGAGGCAGCAGAGGAGTAGTACGTTGTATGTGTTGATATTTTTGGCGATATTTTTGAGTAAGTTTACGAATCAGTTGTTGTTGAGTTTGTTGGAGGCGGTGATAAGGACGGTGACGACGTTGCAGCAGTTGTTGACG,GATGGTAATCCGATCCCCTCAGCGATCGCTGCTAACTCCGGAATCTATTAAGAATTTGCAGTGTATAAATAGTAGGAGGGGGGAGTGTAGGAGGCAGCAGAGGAGTAGTACGTTGTATGTGTTGATATTTTTGGCGATATTTTTGAGTAAGTTTACGAATCAGTTGTTGTTGAGTTTGTTGGAGGCGGTGATAAGGACGGTGACGACGTTGCAGCAGTTGTTGACG,8,"[(2, 'hydrophobic'), (7, 'hydrophobic'), (8, 'hydrophobic'), (10, 'positive'), (16, 'hydrophobic')]"
FEPEESGMEEEVESNSVKFIKIQGAVP,54.33135212184059,MFEPEESGMEEEVESNSVKFIKIQGAVPCRRQQRSSTLYVLIFLAIFLSKFTNQLLLSLLEAVIRTVTTLQQLLT,ATGTTTGAGCCGGAGGAGAGTGGGATGGAGGAGGAGGTGGAGAGTAATAGTGTGAAGTTTATAAAGATACAGGGGGCGGTGCCGTGTAGGAGGCAGCAGAGGAGTAGTACGTTGTATGTGTTGATATTTTTGGCGATATTTTTGAGTAAGTTTACGAATCAGTTGTTGTTGAGTTTGTTGGAGGCGGTGATAAGGACGGTGACGACGTTGCAGCAGTTGTTGACG,GATGGTAACCCCATTCCCTCAGCAATAGCAGCAAACAGTGGAATCTACTAGTGTGAAGTTTATAAAGATACAGGGGGCGGTGCCGTGTAGGAGGCAGCAGAGGAGTAGTACGTTGTATGTGTTGATATTTTTGGCGATATTTTTGAGTAAGTTTACGAATCAGTTGTTGTTGAGTTTGTTGGAGGCGGTGATAAGGACGGTGACGACGTTGCAGCAGTTGTTGACG,8,"[(9, 'hydrophobic'), (11, 'neutral'), (16, 'hydrophobic')]"
ARDSQGGSYYKAAKLKARFSGTPAKFH,36.54397668115955,MARDSQGGSYYKAAKLKARFSGTPAKFHCRRQQRSSTLYVLIFLAIFLSKFTNQLLLSLLEAVIRTVTTLQQLLT,ATGGCGAGGGATAGTCAGGGGGGGAGTTATTATAAGGCGGCGAAGTTGAAGGCGAGGTTTAGTGGGACGCCGGCGAAGTTTCATTGTAGGAGGCAGCAGAGGAGTAGTACGTTGTATGTGTTGATATTTTTGGCGATATTTTTGAGTAAGTTTACGAATCAGTTGTTGTTGAGTTTGTTGGAGGCGGTGATAAGGACGGTGACGACGTTGCAGCAGTTGTTGACG,GATGGTAACCCGATTCCATCAGCAATCGCTGCTAACAGTGGTATCTACTAGGGCGAGGTTTAGTGGGACGCCGGCGAAGTTTCATTGTAGGAGGCAGCAGAGGAGTAGTACGTTGTATGTGTTGATATTTTTGGCGATATTTTTGAGTAAGTTTACGAATCAGTTGTTGTTGAGTTTGTTGGAGGCGGTGATAAGGACGGTGACGACGTTGCAGCAGTTGTTGACG,8,"[(1, 'positive'), (4, 'hydrophobic'), (5, 'hydrophobic'), (7, 'hydrophobic'), (8, 'hydrophobic'), (16, 'hydrophobic')]"
MKGDGAWMNYNAGGQAGLVADILKTAG,21.48017668146168,MMKGDGAWMNYNAGGQAGLVADILKTAGCRRQQRSSTLYVLIFLAIFLSKFTNQLLLSLLEAVIRTVTTLQQLLT,ATGATGAAGGGGGATGGGGCGTGGATGAATTATAATGCGGGGGGGCAGGCGGGGTTGGTGGCGGATATATTGAAGACGGCGGGGTGTAGGAGGCAGCAGAGGAGTAGTACGTTGTATGTGTTGATATTTTTGGCGATATTTTTGAGTAAGTTTACGAATCAGTTGTTGTTGAGTTTGTTGGAGGCGGTGATAAGGACGGTGACGACGTTGCAGCAGTTGTTGACG,GATGGTAACCCGATTCCCAGTGCTATCGCAGCTAACAGTGGGATCTACTAAGGGGTTGGTGGCGGATATATTGAAGACGGCGGGGTGTAGGAGGCAGCAGAGGAGTAGTACGTTGTATGTGTTGATATTTTTGGCGATATTTTTGAGTAAGTTTACGAATCAGTTGTTGTTGAGTTTGTTGGAGGCGGTGATAAGGACGGTGACGACGTTGCAGCAGTTGTTGACG,8,"[(2, 'neutral'), (5, 'hydrophobic'), (7, 'hydrophobic'), (8, 'neutral'), (10, 'hydrophobic'), (11, 'hydrophobic'), (16, 'hydrophobic')]"
AFAERGAYGASGKGIVGHLNRQRGLEE,25.11842125165848,MAFAERGAYGASGKGIVGHLNRQRGLEECRRQQRSSTLYVLIFLAIFLSKFTNQLLLSLLEAVIRTVTTLQQLLT,ATGGCGTTTGCGGAGAGGGGGGCGTATGGGGCGAGTGGGAAGGGGATAGTGGGGCATTTGAATAGGCAGAGGGGGTTGGAGGAGTGTAGGAGGCAGCAGAGGAGTAGTACGTTGTATGTGTTGATATTTTTGGCGATATTTTTGAGTAAGTTTACGAATCAGTTGTTGTTGAGTTTGTTGGAGGCGGTGATAAGGACGGTGACGACGTTGCAGCAGTTGTTGACG,GATGGTAACCCTATTCCGTCAGCTATAGCAGCTAACTCCGGCATCTATTAAGGGGCATTTGAATAGGCAGAGGGGGTTGGAGGAGTGTAGGAGGCAGCAGAGGAGTAGTACGTTGTATGTGTTGATATTTTTGGCGATATTTTTGAGTAAGTTTACGAATCAGTTGTTGTTGAGTTTGTTGGAGGCGGTGATAAGGACGGTGACGACGTTGCAGCAGTTGTTGACG,8,"[(6, 'neutral'), (7, 'hydrophobic'), (10, 'hydrophobic'), (14, 'hydrophobic'), (16, 'hydrophobic')]"
KERSKYWQSGSGKNDAGLIVVLPSKLH,28.096026626209326,MKERSKYWQSGSGKNDAGLIVVLPSKLHCRRQQRSSTLYVLIFLAIFLSKFTNQLLLSLLEAVIRTVTTLQQLLT,ATGAAGGAGAGGAGTAAGTATTGGCAGAGTGGGAGTGGGAAGAATGATGCGGGGTTGATAGTGGTGTTGCCGAGTAAGTTGCATTGTAGGAGGCAGCAGAGGAGTAGTACGTTGTATGTGTTGATATTTTTGGCGATATTTTTGAGTAAGTTTACGAATCAGTTGTTGTTGAGTTTGTTGGAGGCGGTGATAAGGACGGTGACGACGTTGCAGCAGTTGTTGACG,GATGGAAACCCGATTCCCAGTGCTATCGCAGCAAACTCCGGCATCTACTAAGGGGTTGATAGTGGTGTTGCCGAGTAAGTTGCATTGTAGGAGGCAGCAGAGGAGTAGTACGTTGTATGTGTTGATATTTTTGGCGATATTTTTGAGTAAGTTTACGAATCAGTTGTTGTTGAGTTTGTTGGAGGCGGTGATAAGGACGGTGACGACGTTGCAGCAGTTGTTGACG,9,"[(3, 'neutral'), (6, 'neutral'), (8, 'neutral'), (9, 'neutral'), (10, 'hydrophobic'), (11, 'hydrophobic')]"
DWRNKRRFEGGEEIELQRVLTRQKESP,31.27391965917361,MDWRNKRRFEGGEEIELQRVLTRQKESPCRRQQRSSTLYVLIFLAIFLSKFTNQLLLSLLEAVIRTVTTLQQLLT,ATGGATTGGAGGAATAAGAGGAGGTTTGAGGGGGGGGAGGAGATAGAGTTGCAGAGGGTGTTGACGAGGCAGAAGGAGAGTCCGTGTAGGAGGCAGCAGAGGAGTAGTACGTTGTATGTGTTGATATTTTTGGCGATATTTTTGAGTAAGTTTACGAATCAGTTGTTGTTGAGTTTGTTGGAGGCGGTGATAAGGACGGTGACGACGTTGCAGCAGTTGTTGACG,GATGGAAACCCGATTCCCTCGGCGATAGCAGCAAACTCCGGAATATACTAAGCAGAGGGTGTTGACGAGGCAGAAGGAGAGTCCGTGTAGGAGGCAGCAGAGGAGTAGTACGTTGTATGTGTTGATATTTTTGGCGATATTTTTGAGTAAGTTTACGAATCAGTTGTTGTTGAGTTTGTTGGAGGCGGTGATAAGGACGGTGACGACGTTGCAGCAGTTGTTGACG,9,"[(3, 'hydrophobic'), (9, 'hydrophobic')]"
KHHSRATRVGGGGLLDKLVTGTQIKQF,24.19665137240069,MKHHSRATRVGGGGLLDKLVTGTQIKQFCRRQQRSSTLYVLIFLAIFLSKFTNQLLLSLLEAVIRTVTTLQQLLT,ATGAAGCATCATAGTAGGGCGACGAGGGTGGGGGGGGGGGGGTTGTTGGATAAGTTGGTGACGGGGACGCAGATAAAGCAGTTTTGTAGGAGGCAGCAGAGGAGTAGTACGTTGTATGTGTTGATATTTTTGGCGATATTTTTGAGTAAGTTTACGAATCAGTTGTTGTTGAGTTTGTTGGAGGCGGTGATAAGGACGGTGACGACGTTGCAGCAGTTGTTGACG,GATGGAAACCCGATTCCGTCAGCAATCGCTGCAAACTCCGGGATATACTGATAAGTTGGTGACGGGGACGCAGATAAAGCAGTTTTGTAGGAGGCAGCAGAGGAGTAGTACGTTGTATGTGTTGATATTTTTGGCGATATTTTTGAGTAAGTTTACGAATCAGTTGTTGTTGAGTTTGTTGGAGGCGGTGATAAGGACGGTGACGACGTTGCAGCAGTTGTTGACG,9,"[(3, 'hydrophobic'), (8, 'hydrophobic'), (10, 'neutral'), (14, 'positive')]"
EEDAEEGYGYTGENMLDGVQSLTKAGE,29.574561539304433,MEEDAEEGYGYTGENMLDGVQSLTKAGECRRQQRSSTLYVLIFLAIFLSKFTNQLLLSLLEAVIRTVTTLQQLLT,ATGGAGGAGGATGCGGAGGAGGGGTATGGGTATACGGGGGAGAATATGTTGGATGGGGTGCAGAGTTTGACGAAGGCGGGGGAGTGTAGGAGGCAGCAGAGGAGTAGTACGTTGTATGTGTTGATATTTTTGGCGATATTTTTGAGTAAGTTTACGAATCAGTTGTTGTTGAGTTTGTTGGAGGCGGTGATAAGGACGGTGACGACGTTGCAGCAGTTGTTGACG,GATGGAAACCCGATACCCTCAGCAATAGCAGCTAACTCCGGAATCTATTAAGGATGGGGTGCAGAGTTTGACGAAGGCGGGGGAGTGTAGGAGGCAGCAGAGGAGTAGTACGTTGTATGTGTTGATATTTTTGGCGATATTTTTGAGTAAGTTTACGAATCAGTTGTTGTTGAGTTTGTTGGAGGCGGTGATAAGGACGGTGACGACGTTGCAGCAGTTGTTGACG,9,"[(7, 'hydrophobic'), (13, 'hydrophobic')]"
MESSEEWYRYGQSELSGLRVTVVFKVR,31.281756090123903,MMESSEEWYRYGQSELSGLRVTVVFKVRCRRQQRSSTLYVLIFLAIFLSKFTNQLLLSLLEAVIRTVTTLQQLLT,ATGATGGAGAGTAGTGAGGAGTGGTATAGGTATGGGCAGAGTGAGTTGAGTGGGTTGAGGGTGACGGTGGTGTTTAAGGTGAGGTGTAGGAGGCAGCAGAGGAGTAGTACGTTGTATGTGTTGATATTTTTGGCGATATTTTTGAGTAAGTTTACGAATCAGTTGTTGTTGAGTTTGTTGGAGGCGGTGATAAGGACGGTGACGACGTTGCAGCAGTTGTTGACG,GATGGTAACCCGATCCCCTCAGCTATCGCGGCTAACTCAGGCATCTACTAGTGGGTTGAGGGTGACGGTGGTGTTTAAGGTGAGGTGTAGGAGGCAGCAGAGGAGTAGTACGTTGTATGTGTTGATATTTTTGGCGATATTTTTGAGTAAGTTTACGAATCAGTTGTTGTTGAGTTTGTTGGAGGCGGTGATAAGGACGGTGACGACGTTGCAGCAGTTGTTGACG,9,"[(7, 'hydrophobic'), (10, 'hydrophobic'), (16, 'hydrophobic')]"
DRQSSYYESGGERSDEIQIGGKTAGHK,36.36361195957626,MDRQSSYYESGGERSDEIQIGGKTAGHKCRRQQRSSTLYVLIFLAIFLSKFTNQLLLSLLEAVIRTVTTLQQLLT,ATGGATAGGCAGAGTAGTTATTATGAGAGTGGGGGGGAGAGGAGTGATGAGATACAGATAGGGGGGAAGACGGCGGGGCATAAGTGTAGGAGGCAGCAGAGGAGTAGTACGTTGTATGTGTTGATATTTTTGGCGATATTTTTGAGTAAGTTTACGAATCAGTTGTTGTTGAGTTTGTTGGAGGCGGTGATAAGGACGGTGACGACGTTGCAGCAGTTGTTGACG,GATGGAAACCCGATCCCCAGTGCTATCGCAGCAAACTCCGGCATCTACTGAGATACAGATAGGGGGGAAGACGGCGGGGCATAAGTGTAGGAGGCAGCAGAGGAGTAGTACGTTGTATGTGTTGATATTTTTGGCGATATTTTTGAGTAAGTTTACGAATCAGTTGTTGTTGAGTTTGTTGGAGGCGGTGATAAGGACGGTGACGACGTTGCAGCAGTTGTTGACG,9,"[(8, 'neutral'), (10, 'hydrophobic'), (11, 'hydrophobic')]"
KVRSMWEYDYKHHGEDQRVVKVRAAGR,40.81563725172054,MKVRSMWEYDYKHHGEDQRVVKVRAAGRCRRQQRSSTLYVLIFLAIFLSKFTNQLLLSLLEAVIRTVTTLQQLLT,ATGAAGGTGAGGAGTATGTGGGAGTATGATTATAAGCATCATGGGGAGGATCAGAGGGTGGTGAAGGTGAGGGCGGCGGGGAGGTGTAGGAGGCAGCAGAGGAGTAGTACGTTGTATGTGTTGATATTTTTGGCGATATTTTTGAGTAAGTTTACGAATCAGTTGTTGTTGAGTTTGTTGGAGGCGGTGATAAGGACGGTGACGACGTTGCAGCAGTTGTTGACG,GATGGAAATCCGATCCCCAGTGCAATAGCAGCTAACTCGGGCATCTACTGATCAGAGGGTGGTGAAGGTGAGGGCGGCGGGGAGGTGTAGGAGGCAGCAGAGGAGTAGTACGTTGTATGTGTTGATATTTTTGGCGATATTTTTGAGTAAGTTTACGAATCAGTTGTTGTTGAGTTTGTTGGAGGCGGTGATAAGGACGGTGACGACGTTGCAGCAGTTGTTGACG,9,"[(5, 'positive'), (7, 'hydrophobic'), (11, 'hydrophobic'), (15, 'hydrophobic')]"
SVQELGWSCRGNTGSDGLVSGDTRLAF,31.52881258428132,MSVQELGWSCRGNTGSDGLVSGDTRLAFCRRQQRSSTLYVLIFLAIFLSKFTNQLLLSLLEAVIRTVTTLQQLLT,ATGAGTGTGCAGGAGTTGGGGTGGAGTTGTAGGGGGAATACGGGGAGTGATGGGTTGGTGAGTGGGGATACGAGGTTGGCGTTTTGTAGGAGGCAGCAGAGGAGTAGTACGTTGTATGTGTTGATATTTTTGGCGATATTTTTGAGTAAGTTTACGAATCAGTTGTTGTTGAGTTTGTTGGAGGCGGTGATAAGGACGGTGACGACGTTGCAGCAGTTGTTGACG,GATGGAAACCCAATTCCTTCAGCTATCGCAGCGAACTCAGGCATCTATTGATGGGTTGGTGAGTGGGGATACGAGGTTGGCGTTTTGTAGGAGGCAGCAGAGGAGTAGTACGTTGTATGTGTTGATATTTTTGGCGATATTTTTGAGTAAGTTTACGAATCAGTTGTTGTTGAGTTTGTTGGAGGCGGTGATAAGGACGGTGACGACGTTGCAGCAGTTGTTGACG,9,"[(5, 'neutral'), (10, 'hydrophobic')]"
NADSDMSRCGGELFVQDLLTTRFVAFG,16.599275162297626,MNADSDMSRCGGELFVQDLLTTRFVAFGCRRQQRSSTLYVLIFLAIFLSKFTNQLLLSLLEAVIRTVTTLQQLLT,ATGAATGCGGATAGTGATATGAGTAGGTGTGGGGGGGAGTTGTTTGTGCAGGATTTGTTGACGACGAGGTTTGTGGCGTTTGGGTGTAGGAGGCAGCAGAGGAGTAGTACGTTGTATGTGTTGATATTTTTGGCGATATTTTTGAGTAAGTTTACGAATCAGTTGTTGTTGAGTTTGTTGGAGGCGGTGATAAGGACGGTGACGACGTTGCAGCAGTTGTTGACG,GATGGAAATCCGATCCCCAGTGCAATCGCAGCAAACTCCGGTATATACTAGTGATTTGTTGACGACGAGGTTTGTGGCGTTTGGGTGTAGGAGGCAGCAGAGGAGTAGTACGTTGTATGTGTTGATATTTTTGGCGATATTTTTGAGTAAGTTTACGAATCAGTTGTTGTTGAGTTTGTTGGAGGCGGTGATAAGGACGGTGACGACGTTGCAGCAGTTGTTGACG,9,"[(1, 'neutral'), (3, 'hydrophobic'), (4, 'hydrophobic'), (10, 'neutral'), (11, 'hydrophobic'), (15, 'hydrophobic')]"
KIRGERQRCKDTGNNGAKAVRGAKFHG,31.06304191062718,MKIRGERQRCKDTGNNGAKAVRGAKFHGCRRQQRSSTLYVLIFLAIFLSKFTNQLLLSLLEAVIRTVTTLQQLLT,ATGAAGATAAGGGGGGAGAGGCAGAGGTGTAAGGATACGGGGAATAATGGGGCGAAGGCGGTGAGGGGGGCGAAGTTTCATGGGTGTAGGAGGCAGCAGAGGAGTAGTACGTTGTATGTGTTGATATTTTTGGCGATATTTTTGAGTAAGTTTACGAATCAGTTGTTGTTGAGTTTGTTGGAGGCGGTGATAAGGACGGTGACGACGTTGCAGCAGTTGTTGACG,GATGGAAACCCGATTCCCTCGGCAATCGCAGCGAACTCAGGGATCTACTAACGCGAAGGCGGTGAGGGGGGCGAAGTTTCATGGGTGTAGGAGGCAGCAGAGGAGTAGTACGTTGTATGTGTTGATATTTTTGGCGATATTTTTGAGTAAGTTTACGAATCAGTTGTTGTTGAGTTTGTTGGAGGCGGTGATAAGGACGGTGACGACGTTGCAGCAGTTGTTGACG,9,"[(2, 'neutral'), (5, 'neutral'), (7, 'positive')]"
GKKSKPDDESSDEDLGVALHPHRKQKT,34.45418568332275,MGKKSKPDDESSDEDLGVALHPHRKQKTCRRQQRSSTLYVLIFLAIFLSKFTNQLLLSLLEAVIRTVTTLQQLLT,ATGGGGAAGAAGAGTAAGCCGGATGATGAGAGTAGTGATGAGGATTTGGGGGTGGCGTTGCATCCGCATAGGAAGCAGAAGACGTGTAGGAGGCAGCAGAGGAGTAGTACGTTGTATGTGTTGATATTTTTGGCGATATTTTTGAGTAAGTTTACGAATCAGTTGTTGTTGAGTTTGTTGGAGGCGGTGATAAGGACGGTGACGACGTTGCAGCAGTTGTTGACG,GATGGGAACCCAATCCCCTCCGCAATCGCAGCAAACTCCGGAATCTATTAACGTGGCGTTGCATCCGCATAGGAAGCAGAAGACGTGTAGGAGGCAGCAGAGGAGTAGTACGTTGTATGTGTTGATATTTTTGGCGATATTTTTGAGTAAGTTTACGAATCAGTTGTTGTTGAGTTTGTTGGAGGCGGTGATAAGGACGGTGACGACGTTGCAGCAGTTGTTGACG,9,"[(2, 'hydrophobic'), (6, 'neutral'), (7, 'neutral')]"
TESGGLKSGGQRNFKETGTVGKRTGFR,32.00662203271438,MTESGGLKSGGQRNFKETGTVGKRTGFRCRRQQRSSTLYVLIFLAIFLSKFTNQLLLSLLEAVIRTVTTLQQLLT,ATGACGGAGAGTGGGGGGTTGAAGAGTGGGGGGCAGAGGAATTTTAAGGAGACGGGGACGGTGGGGAAGAGGACGGGGTTTAGGTGTAGGAGGCAGCAGAGGAGTAGTACGTTGTATGTGTTGATATTTTTGGCGATATTTTTGAGTAAGTTTACGAATCAGTTGTTGTTGAGTTTGTTGGAGGCGGTGATAAGGACGGTGACGACGTTGCAGCAGTTGTTGACG,GATGGAAACCCAATTCCCAGTGCGATCGCAGCAAATTCGGGCATATACTGAGACGGGGACGGTGGGGAAGAGGACGGGGTTTAGGTGTAGGAGGCAGCAGAGGAGTAGTACGTTGTATGTGTTGATATTTTTGGCGATATTTTTGAGTAAGTTTACGAATCAGTTGTTGTTGAGTTTGTTGGAGGCGGTGATAAGGACGGTGACGACGTTGCAGCAGTTGTTGACG,9,"[(3, 'hydrophobic'), (10, 'positive'), (11, 'hydrophobic'), (14, 'neutral')]"
PITAQGVMLKGGEDADVVAEQKVGKGH,36.712270378422005,MPITAQGVMLKGGEDADVVAEQKVGKGHCRRQQRSSTLYVLIFLAIFLSKFTNQLLLSLLEAVIRTVTTLQQLLT,ATGCCGATAACGGCGCAGGGGGTGATGTTGAAGGGGGGGGAGGATGCGGATGTGGTGGCGGAGCAGAAGGTGGGGAAGGGGCATTGTAGGAGGCAGCAGAGGAGTAGTACGTTGTATGTGTTGATATTTTTGGCGATATTTTTGAGTAAGTTTACGAATCAGTTGTTGTTGAGTTTGTTGGAGGCGGTGATAAGGACGGTGACGACGTTGCAGCAGTTGTTGACG,GATGGAAATCCGATTCCATCAGCTATCGCTGCGAACTCCGGAATCTACTGATGTGGTGGCGGAGCAGAAGGTGGGGAAGGGGCATTGTAGGAGGCAGCAGAGGAGTAGTACGTTGTATGTGTTGATATTTTTGGCGATATTTTTGAGTAAGTTTACGAATCAGTTGTTGTTGAGTTTGTTGGAGGCGGTGATAAGGACGGTGACGACGTTGCAGCAGTTGTTGACG,9,"[(7, 'positive'), (10, 'hydrophobic')]"
TMSSWGEYCEEAGTLNLTLVAQLVRPN,44.571708776737545,MTMSSWGEYCEEAGTLNLTLVAQLVRPNCRRQQRSSTLYVLIFLAIFLSKFTNQLLLSLLEAVIRTVTTLQQLLT,ATGACGATGAGTAGTTGGGGGGAGTATTGTGAGGAGGCGGGGACGTTGAATTTGACGTTGGTGGCGCAGTTGGTGAGGCCGAATTGTAGGAGGCAGCAGAGGAGTAGTACGTTGTATGTGTTGATATTTTTGGCGATATTTTTGAGTAAGTTTACGAATCAGTTGTTGTTGAGTTTGTTGGAGGCGGTGATAAGGACGGTGACGACGTTGCAGCAGTTGTTGACG,GATGGAAATCCGATCCCCTCAGCAATAGCAGCAAACAGTGGGATCTACTAGTTTGACGTTGGTGGCGCAGTTGGTGAGGCCGAATTGTAGGAGGCAGCAGAGGAGTAGTACGTTGTATGTGTTGATATTTTTGGCGATATTTTTGAGTAAGTTTACGAATCAGTTGTTGTTGAGTTTGTTGGAGGCGGTGATAAGGACGGTGACGACGTTGCAGCAGTTGTTGACG,9,"[(1, 'neutral'), (3, 'neutral'), (5, 'hydrophobic')]"
MRIGGERSANDLPPDLGTANTTSEKKH,48.215356937772384,MMRIGGERSANDLPPDLGTANTTSEKKHCRRQQRSSTLYVLIFLAIFLSKFTNQLLLSLLEAVIRTVTTLQQLLT,ATGATGAGGATAGGGGGGGAGAGGAGTGCGAATGATTTGCCGCCGGATTTGGGGACGGCGAATACGACGAGTGAGAAGAAGCATTGTAGGAGGCAGCAGAGGAGTAGTACGTTGTATGTGTTGATATTTTTGGCGATATTTTTGAGTAAGTTTACGAATCAGTTGTTGTTGAGTTTGTTGGAGGCGGTGATAAGGACGGTGACGACGTTGCAGCAGTTGTTGACG,GATGGTAACCCTATTCCCTCAGCGATCGCTGCAAACAGTGGCATCTACTAAGGGGACGGCGAATACGACGAGTGAGAAGAAGCATTGTAGGAGGCAGCAGAGGAGTAGTACGTTGTATGTGTTGATATTTTTGGCGATATTTTTGAGTAAGTTTACGAATCAGTTGTTGTTGAGTTTGTTGGAGGCGGTGATAAGGACGGTGACGACGTTGCAGCAGTTGTTGACG,9,"[(5, 'hydrophobic'), (7, 'neutral'), (8, 'hydrophobic'), (14, 'hydrophobic'), (16, 'hydrophobic')]"
PDDGKGGLVLGQGLTMKGVAPKLFNDG,16.177821607958524,MPDDGKGGLVLGQGLTMKGVAPKLFNDGCRRQQRSSTLYVLIFLAIFLSKFTNQLLLSLLEAVIRTVTTLQQLLT,ATGCCGGATGATGGGAAGGGGGGGTTGGTGTTGGGGCAGGGGTTGACGATGAAGGGGGTGGCGCCGAAGTTGTTTAATGATGGGTGTAGGAGGCAGCAGAGGAGTAGTACGTTGTATGTGTTGATATTTTTGGCGATATTTTTGAGTAAGTTTACGAATCAGTTGTTGTTGAGTTTGTTGGAGGCGGTGATAAGGACGGTGACGACGTTGCAGCAGTTGTTGACG,GATGGAAACCCGATTCCGTCAGCAATCGCTGCTAACTCAGGGATATACTAAGAAGGGGGTGGCGCCGAAGTTGTTTAATGATGGGTGTAGGAGGCAGCAGAGGAGTAGTACGTTGTATGTGTTGATATTTTTGGCGATATTTTTGAGTAAGTTTACGAATCAGTTGTTGTTGAGTTTGTTGGAGGCGGTGATAAGGACGGTGACGACGTTGCAGCAGTTGTTGACG,9,"[(3, 'hydrophobic'), (8, 'hydrophobic'), (12, 'positive')]"
DTQSGSSIGYRGKDVDVELFLQTFYLG,36.2459564190716,MDTQSGSSIGYRGKDVDVELFLQTFYLGCRRQQRSSTLYVLIFLAIFLSKFTNQLLLSLLEAVIRTVTTLQQLLT,ATGGATACGCAGAGTGGGAGTAGTATAGGGTATAGGGGGAAGGATGTGGATGTGGAGTTGTTTTTGCAGACGTTTTATTTGGGGTGTAGGAGGCAGCAGAGGAGTAGTACGTTGTATGTGTTGATATTTTTGGCGATATTTTTGAGTAAGTTTACGAATCAGTTGTTGTTGAGTTTGTTGGAGGCGGTGATAAGGACGGTGACGACGTTGCAGCAGTTGTTGACG,GATGGAAACCCGATCCCCTCAGCAATAGCAGCTAACTCCGGCATCTACTGATGTGGAGTTGTTTTTGCAGACGTTTTATTTGGGGTGTAGGAGGCAGCAGAGGAGTAGTACGTTGTATGTGTTGATATTTTTGGCGATATTTTTGAGTAAGTTTACGAATCAGTTGTTGTTGAGTTTGTTGGAGGCGGTGATAAGGACGGTGACGACGTTGCAGCAGTTGTTGACG,9,"[(7, 'hydrophobic'), (9, 'hydrophobic'), (10, 'neutral'), (11, 'neutral')]"
TFQEMGWREFGAEKLSKQAVGKPGIAF,24.302866186509856,MTFQEMGWREFGAEKLSKQAVGKPGIAFCRRQQRSSTLYVLIFLAIFLSKFTNQLLLSLLEAVIRTVTTLQQLLT,ATGACGTTTCAGGAGATGGGGTGGAGGGAGTTTGGGGCGGAGAAGTTGAGTAAGCAGGCGGTGGGGAAGCCGGGGATAGCGTTTTGTAGGAGGCAGCAGAGGAGTAGTACGTTGTATGTGTTGATATTTTTGGCGATATTTTTGAGTAAGTTTACGAATCAGTTGTTGTTGAGTTTGTTGGAGGCGGTGATAAGGACGGTGACGACGTTGCAGCAGTTGTTGACG,GATGGAAACCCAATTCCTTCAGCTATCGCAGCTAACAGTGGAATCTACTAGTAAGCAGGCGGTGGGGAAGCCGGGGATAGCGTTTTGTAGGAGGCAGCAGAGGAGTAGTACGTTGTATGTGTTGATATTTTTGGCGATATTTTTGAGTAAGTTTACGAATCAGTTGTTGTTGAGTTTGTTGGAGGCGGTGATAAGGACGGTGACGACGTTGCAGCAGTTGTTGACG,9,"[(5, 'hydrophobic'), (7, 'hydrophobic'), (10, 'hydrophobic'), (12, 'hydrophobic')]"
DNQESRGRRRGGDLDRVKTRIGQALIE,15.773367118643735,MDNQESRGRRRGGDLDRVKTRIGQALIECRRQQRSSTLYVLIFLAIFLSKFTNQLLLSLLEAVIRTVTTLQQLLT,ATGGATAATCAGGAGAGTAGGGGGAGGAGGAGGGGGGGGGATTTGGATAGGGTGAAGACGAGGATAGGGCAGGCGTTGATAGAGTGTAGGAGGCAGCAGAGGAGTAGTACGTTGTATGTGTTGATATTTTTGGCGATATTTTTGAGTAAGTTTACGAATCAGTTGTTGTTGAGTTTGTTGGAGGCGGTGATAAGGACGGTGACGACGTTGCAGCAGTTGTTGACG,GATGGAAACCCAATTCCCTCGGCAATCGCGGCGAACTCCGGAATCTACTAGGGTGAAGACGAGGATAGGGCAGGCGTTGATAGAGTGTAGGAGGCAGCAGAGGAGTAGTACGTTGTATGTGTTGATATTTTTGGCGATATTTTTGAGTAAGTTTACGAATCAGTTGTTGTTGAGTTTGTTGGAGGCGGTGATAAGGACGGTGACGACGTTGCAGCAGTTGTTGACG,9,[]
DIQEKAGSGGNLGDLDGSIETQQFAGG,22.90932046600118,MDIQEKAGSGGNLGDLDGSIETQQFAGGCRRQQRSSTLYVLIFLAIFLSKFTNQLLLSLLEAVIRTVTTLQQLLT,ATGGATATACAGGAGAAGGCGGGGAGTGGGGGGAATTTGGGGGATTTGGATGGGAGTATAGAGACGCAGCAGTTTGCGGGGGGGTGTAGGAGGCAGCAGAGGAGTAGTACGTTGTATGTGTTGATATTTTTGGCGATATTTTTGAGTAAGTTTACGAATCAGTTGTTGTTGAGTTTGTTGGAGGCGGTGATAAGGACGGTGACGACGTTGCAGCAGTTGTTGACG,GATGGAAACCCAATTCCCAGTGCAATCGCAGCAAACTCCGGGATCTACTGATGGGAGTATAGAGACGCAGCAGTTTGCGGGGGGGTGTAGGAGGCAGCAGAGGAGTAGTACGTTGTATGTGTTGATATTTTTGGCGATATTTTTGAGTAAGTTTACGAATCAGTTGTTGTTGAGTTTGTTGGAGGCGGTGATAAGGACGGTGACGACGTTGCAGCAGTTGTTGACG,9,"[(6, 'neutral'), (11, 'hydrophobic')]"
KTGSSEWFSNRGEDLLGSPAELGSDAF,21.334256236512427,MKTGSSEWFSNRGEDLLGSPAELGSDAFCRRQQRSSTLYVLIFLAIFLSKFTNQLLLSLLEAVIRTVTTLQQLLT,ATGAAGACGGGGAGTAGTGAGTGGTTTAGTAATAGGGGGGAGGATTTGTTGGGGAGTCCGGCGGAGTTGGGGAGTGATGCGTTTTGTAGGAGGCAGCAGAGGAGTAGTACGTTGTATGTGTTGATATTTTTGGCGATATTTTTGAGTAAGTTTACGAATCAGTTGTTGTTGAGTTTGTTGGAGGCGGTGATAAGGACGGTGACGACGTTGCAGCAGTTGTTGACG,GATGGAAACCCGATCCCCTCAGCTATCGCAGCAAACTCCGGAATCTATTAAGGGGAGTCCGGCGGAGTTGGGGAGTGATGCGTTTTGTAGGAGGCAGCAGAGGAGTAGTACGTTGTATGTGTTGATATTTTTGGCGATATTTTTGAGTAAGTTTACGAATCAGTTGTTGTTGAGTTTGTTGGAGGCGGTGATAAGGACGGTGACGACGTTGCAGCAGTTGTTGACG,9,"[(2, 'hydrophobic'), (7, 'neutral'), (8, 'neutral'), (10, 'hydrophobic')]"
AEPMDAGWEEGEGPLTGEGIVIAVKHK,47.64459684015213,MAEPMDAGWEEGEGPLTGEGIVIAVKHKCRRQQRSSTLYVLIFLAIFLSKFTNQLLLSLLEAVIRTVTTLQQLLT,ATGGCGGAGCCGATGGATGCGGGGTGGGAGGAGGGGGAGGGGCCGTTGACGGGGGAGGGGATAGTGATAGCGGTGAAGCATAAGTGTAGGAGGCAGCAGAGGAGTAGTACGTTGTATGTGTTGATATTTTTGGCGATATTTTTGAGTAAGTTTACGAATCAGTTGTTGTTGAGTTTGTTGGAGGCGGTGATAAGGACGGTGACGACGTTGCAGCAGTTGTTGACG,GATGGTAACCCCATTCCCAGTGCAATAGCAGCAAACTCCGGGATCTACTAGTGGGGAGGGGATAGTGATAGCGGTGAAGCATAAGTGTAGGAGGCAGCAGAGGAGTAGTACGTTGTATGTGTTGATATTTTTGGCGATATTTTTGAGTAAGTTTACGAATCAGTTGTTGTTGAGTTTGTTGGAGGCGGTGATAAGGACGGTGACGACGTTGCAGCAGTTGTTGACG,10,"[(1, 'neutral'), (9, 'hydrophobic'), (11, 'hydrophobic'), (16, 'hydrophobic')]"
DIPRGDSKEIVDKGLADKFTTKFAIGG,19.73813419854376,MDIPRGDSKEIVDKGLADKFTTKFAIGGCRRQQRSSTLYVLIFLAIFLSKFTNQLLLSLLEAVIRTVTTLQQLLT,ATGGATATACCGAGGGGGGATAGTAAGGAGATAGTGGATAAGGGGTTGGCGGATAAGTTTACGACGAAGTTTGCGATAGGGGGGTGTAGGAGGCAGCAGAGGAGTAGTACGTTGTATGTGTTGATATTTTTGGCGATATTTTTGAGTAAGTTTACGAATCAGTTGTTGTTGAGTTTGTTGGAGGCGGTGATAAGGACGGTGACGACGTTGCAGCAGTTGTTGACG,GATGGAAACCCCATTCCCTCAGCAATCGCAGCTAATTCCGGCATCTATTAAGGATAAGTTTACGACGAAGTTTGCGATAGGGGGGTGTAGGAGGCAGCAGAGGAGTAGTACGTTGTATGTGTTGATATTTTTGGCGATATTTTTGAGTAAGTTTACGAATCAGTTGTTGTTGAGTTTGTTGGAGGCGGTGATAAGGACGGTGACGACGTTGCAGCAGTTGTTGACG,10,"[(2, 'hydrophobic'), (6, 'hydrophobic'), (7, 'hydrophobic'), (10, 'neutral')]"
TEGEEIYRGVGLDVVDRLIEGRGRSYG,16.027695454326,MTEGEEIYRGVGLDVVDRLIEGRGRSYGCRRQQRSSTLYVLIFLAIFLSKFTNQLLLSLLEAVIRTVTTLQQLLT,ATGACGGAGGGGGAGGAGATATATAGGGGGGTGGGGTTGGATGTGGTGGATAGGTTGATAGAGGGGAGGGGGAGGAGTTATGGGTGTAGGAGGCAGCAGAGGAGTAGTACGTTGTATGTGTTGATATTTTTGGCGATATTTTTGAGTAAGTTTACGAATCAGTTGTTGTTGAGTTTGTTGGAGGCGGTGATAAGGACGGTGACGACGTTGCAGCAGTTGTTGACG,GATGGAAACCCGATTCCCAGTGCTATCGCAGCTAACAGTGGAATCTACTGATAGGTTGATAGAGGGGAGGGGGAGGAGTTATGGGTGTAGGAGGCAGCAGAGGAGTAGTACGTTGTATGTGTTGATATTTTTGGCGATATTTTTGAGTAAGTTTACGAATCAGTTGTTGTTGAGTTTGTTGGAGGCGGTGATAAGGACGGTGACGACGTTGCAGCAGTTGTTGACG,10,"[(5, 'hydrophobic'), (7, 'hydrophobic'), (10, 'hydrophobic'), (11, 'hydrophobic')]"
DVQGGKQMFGKEARELGVVDQRGVKDI,30.327900742447397,MDVQGGKQMFGKEARELGVVDQRGVKDICRRQQRSSTLYVLIFLAIFLSKFTNQLLLSLLEAVIRTVTTLQQLLT,ATGGATGTGCAGGGGGGGAAGCAGATGTTTGGGAAGGAGGCGAGGGAGTTGGGGGTGGTGGATCAGAGGGGGGTGAAGGATATATGTAGGAGGCAGCAGAGGAGTAGTACGTTGTATGTGTTGATATTTTTGGCGATATTTTTGAGTAAGTTTACGAATCAGTTGTTGTTGAGTTTGTTGGAGGCGGTGATAAGGACGGTGACGACGTTGCAGCAGTTGTTGACG,GATGGAAACCCAATTCCCTCGGCAATCGCTGCAAACTCCGGTATCTACTAAGGGGGTGGTGGATCAGAGGGGGGTGAAGGATATATGTAGGAGGCAGCAGAGGAGTAGTACGTTGTATGTGTTGATATTTTTGGCGATATTTTTGAGTAAGTTTACGAATCAGTTGTTGTTGAGTTTGTTGGAGGCGGTGATAAGGACGGTGACGACGTTGCAGCAGTTGTTGACG,10,"[(4, 'hydrophobic'), (8, 'hydrophobic'), (11, 'positive')]"
TIGSGEDRGGNALLLGGIAVRKGEKEK,20.79912878536771,MTIGSGEDRGGNALLLGGIAVRKGEKEKCRRQQRSSTLYVLIFLAIFLSKFTNQLLLSLLEAVIRTVTTLQQLLT,ATGACGATAGGGAGTGGGGAGGATAGGGGGGGGAATGCGTTGTTGTTGGGGGGGATAGCGGTGAGGAAGGGGGAGAAGGAGAAGTGTAGGAGGCAGCAGAGGAGTAGTACGTTGTATGTGTTGATATTTTTGGCGATATTTTTGAGTAAGTTTACGAATCAGTTGTTGTTGAGTTTGTTGGAGGCGGTGATAAGGACGGTGACGACGTTGCAGCAGTTGTTGACG,GATGGAAATCCGATCCCCTCAGCAATCGCAGCAAACTCCGGTATATATTAACGGGATAGCGGTGAGGAAGGGGGAGAAGGAGAAGTGTAGGAGGCAGCAGAGGAGTAGTACGTTGTATGTGTTGATATTTTTGGCGATATTTTTGAGTAAGTTTACGAATCAGTTGTTGTTGAGTTTGTTGGAGGCGGTGATAAGGACGGTGACGACGTTGCAGCAGTTGTTGACG,10,"[(2, 'hydrophobic'), (3, 'hydrophobic'), (4, 'hydrophobic'), (6, 'neutral')]"
APQRKWGMDEFGPNDGGDVGVARAQAH,30.104809969354427,MAPQRKWGMDEFGPNDGGDVGVARAQAHCRRQQRSSTLYVLIFLAIFLSKFTNQLLLSLLEAVIRTVTTLQQLLT,ATGGCGCCGCAGAGGAAGTGGGGGATGGATGAGTTTGGGCCGAATGATGGGGGGGATGTGGGGGTGGCGAGGGCGCAGGCGCATTGTAGGAGGCAGCAGAGGAGTAGTACGTTGTATGTGTTGATATTTTTGGCGATATTTTTGAGTAAGTTTACGAATCAGTTGTTGTTGAGTTTGTTGGAGGCGGTGATAAGGACGGTGACGACGTTGCAGCAGTTGTTGACG,GATGGTAACCCAATTCCCAGTGCAATAGCAGCAAATTCCGGCATCTACTAACGGGGATGTGGGGGTGGCGAGGGCGCAGGCGCATTGTAGGAGGCAGCAGAGGAGTAGTACGTTGTATGTGTTGATATTTTTGGCGATATTTTTGAGTAAGTTTACGAATCAGTTGTTGTTGAGTTTGTTGGAGGCGGTGATAAGGACGGTGACGACGTTGCAGCAGTTGTTGACG,10,"[(3, 'neutral'), (6, 'hydrophobic'), (9, 'hydrophobic'), (11, 'hydrophobic'), (16, 'hydrophobic')]"
NKGSSGQVSGSEGDLNAAATTTQKYME,27.56071711212529,MNKGSSGQVSGSEGDLNAAATTTQKYMECRRQQRSSTLYVLIFLAIFLSKFTNQLLLSLLEAVIRTVTTLQQLLT,ATGAATAAGGGGAGTAGTGGGCAGGTGAGTGGGAGTGAGGGGGATTTGAATGCGGCGGCGACGACGACGCAGAAGTATATGGAGTGTAGGAGGCAGCAGAGGAGTAGTACGTTGTATGTGTTGATATTTTTGGCGATATTTTTGAGTAAGTTTACGAATCAGTTGTTGTTGAGTTTGTTGGAGGCGGTGATAAGGACGGTGACGACGTTGCAGCAGTTGTTGACG,GATGGAAACCCGATCCCCTCAGCAATCGCAGCAAACTCCGGGATCTACTAGTGCGGCGGCGACGACGACGCAGAAGTATATGGAGTGTAGGAGGCAGCAGAGGAGTAGTACGTTGTATGTGTTGATATTTTTGGCGATATTTTTGAGTAAGTTTACGAATCAGTTGTTGTTGAGTTTGTTGGAGGCGGTGATAAGGACGGTGACGACGTTGCAGCAGTTGTTGACG,10,"[(1, 'neutral'), (6, 'neutral'), (8, 'neutral')]"
NMASSKDLYQGGSKLKGKDGAGGTRLG,30.394628195677384,MNMASSKDLYQGGSKLKGKDGAGGTRLGCRRQQRSSTLYVLIFLAIFLSKFTNQLLLSLLEAVIRTVTTLQQLLT,ATGAATATGGCGAGTAGTAAGGATTTGTATCAGGGGGGGAGTAAGTTGAAGGGGAAGGATGGGGCGGGGGGGACGAGGTTGGGGTGTAGGAGGCAGCAGAGGAGTAGTACGTTGTATGTGTTGATATTTTTGGCGATATTTTTGAGTAAGTTTACGAATCAGTTGTTGTTGAGTTTGTTGGAGGCGGTGATAAGGACGGTGACGACGTTGCAGCAGTTGTTGACG,GATGGAAATCCGATCCCCTCGGCAATCGCTGCAAACTCCGGCATCTACTAGGGGGAAGGATGGGGCGGGGGGGACGAGGTTGGGGTGTAGGAGGCAGCAGAGGAGTAGTACGTTGTATGTGTTGATATTTTTGGCGATATTTTTGAGTAAGTTTACGAATCAGTTGTTGTTGAGTTTGTTGGAGGCGGTGATAAGGACGGTGACGACGTTGCAGCAGTTGTTGACG,10,"[(1, 'positive'), (8, 'hydrophobic'), (11, 'positive')]"
DLSMGGCREKYGGDLDVNLAIRTRFHK,28.71271986542543,MDLSMGGCREKYGGDLDVNLAIRTRFHKCRRQQRSSTLYVLIFLAIFLSKFTNQLLLSLLEAVIRTVTTLQQLLT,ATGGATTTGAGTATGGGGGGGTGTAGGGAGAAGTATGGGGGGGATTTGGATGTGAATTTGGCGATAAGGACGAGGTTTCATAAGTGTAGGAGGCAGCAGAGGAGTAGTACGTTGTATGTGTTGATATTTTTGGCGATATTTTTGAGTAAGTTTACGAATCAGTTGTTGTTGAGTTTGTTGGAGGCGGTGATAAGGACGGTGACGACGTTGCAGCAGTTGTTGACG,GATGGAAACCCGATACCCTCAGCAATCGCAGCGAATTCCGGGATCTACTGATGTGAATTTGGCGATAAGGACGAGGTTTCATAAGTGTAGGAGGCAGCAGAGGAGTAGTACGTTGTATGTGTTGATATTTTTGGCGATATTTTTGAGTAAGTTTACGAATCAGTTGTTGTTGAGTTTGTTGGAGGCGGTGATAAGGACGGTGACGACGTTGCAGCAGTTGTTGACG,10,"[(6, 'hydrophobic'), (7, 'positive'), (13, 'hydrophobic')]"
FMHGERWEGPGGRNLLKDKITFTFKDQ,36.536797746987126,MFMHGERWEGPGGRNLLKDKITFTFKDQCRRQQRSSTLYVLIFLAIFLSKFTNQLLLSLLEAVIRTVTTLQQLLT,ATGTTTATGCATGGGGAGAGGTGGGAGGGGCCGGGGGGGAGGAATTTGTTGAAGGATAAGATAACGTTTACGTTTAAGGATCAGTGTAGGAGGCAGCAGAGGAGTAGTACGTTGTATGTGTTGATATTTTTGGCGATATTTTTGAGTAAGTTTACGAATCAGTTGTTGTTGAGTTTGTTGGAGGCGGTGATAAGGACGGTGACGACGTTGCAGCAGTTGTTGACG,GATGGTAATCCGATTCCCTCGGCTATCGCAGCCAACTCCGGCATCTACTAAGAAGGATAAGATAACGTTTACGTTTAAGGATCAGTGTAGGAGGCAGCAGAGGAGTAGTACGTTGTATGTGTTGATATTTTTGGCGATATTTTTGAGTAAGTTTACGAATCAGTTGTTGTTGAGTTTGTTGGAGGCGGTGATAAGGACGGTGACGACGTTGCAGCAGTTGTTGACG,10,"[(3, 'neutral'), (10, 'hydrophobic'), (16, 'hydrophobic')]"
YKPKSRGRMGGLEGEGGSVVVLVTKNL,35.46125759334142,MYKPKSRGRMGGLEGEGGSVVVLVTKNLCRRQQRSSTLYVLIFLAIFLSKFTNQLLLSLLEAVIRTVTTLQQLLT,ATGTATAAGCCGAAGAGTAGGGGGAGGATGGGGGGGTTGGAGGGGGAGGGGGGGAGTGTGGTGGTGTTGGTGACGAAGAATTTGTGTAGGAGGCAGCAGAGGAGTAGTACGTTGTATGTGTTGATATTTTTGGCGATATTTTTGAGTAAGTTTACGAATCAGTTGTTGTTGAGTTTGTTGGAGGCGGTGATAAGGACGGTGACGACGTTGCAGCAGTTGTTGACG,GATGGTAACCCCATTCCCTCGGCAATCGCTGCAAACAGTGGAATCTACTAACGGGAGTGTGGTGGTGTTGGTGACGAAGAATTTGTGTAGGAGGCAGCAGAGGAGTAGTACGTTGTATGTGTTGATATTTTTGGCGATATTTTTGAGTAAGTTTACGAATCAGTTGTTGTTGAGTTTGTTGGAGGCGGTGATAAGGACGGTGACGACGTTGCAGCAGTTGTTGACG,10,"[(5, 'hydrophobic'), (8, 'hydrophobic'), (16, 'hydrophobic')]"
TILRKRGIYRGVPELKADVPAQKRARG,26.549457419112105,MTILRKRGIYRGVPELKADVPAQKRARGCRRQQRSSTLYVLIFLAIFLSKFTNQLLLSLLEAVIRTVTTLQQLLT,ATGACGATATTGAGGAAGAGGGGGATATATAGGGGGGTGCCGGAGTTGAAGGCGGATGTGCCGGCGCAGAAGAGGGCGAGGGGGTGTAGGAGGCAGCAGAGGAGTAGTACGTTGTATGTGTTGATATTTTTGGCGATATTTTTGAGTAAGTTTACGAATCAGTTGTTGTTGAGTTTGTTGGAGGCGGTGATAAGGACGGTGACGACGTTGCAGCAGTTGTTGACG,GATGGAAACCCTATTCCCTCGGCAATCGCTGCGAACAGTGGCATCTACTAGGGCGGATGTGCCGGCGCAGAAGAGGGCGAGGGGGTGTAGGAGGCAGCAGAGGAGTAGTACGTTGTATGTGTTGATATTTTTGGCGATATTTTTGAGTAAGTTTACGAATCAGTTGTTGTTGAGTTTGTTGGAGGCGGTGATAAGGACGGTGACGACGTTGCAGCAGTTGTTGACG,10,"[(1, 'positive'), (8, 'hydrophobic')]"
TIMSKGWMKVKGGEKLGGVKVTPTEAK,31.025658468649556,MTIMSKGWMKVKGGEKLGGVKVTPTEAKCRRQQRSSTLYVLIFLAIFLSKFTNQLLLSLLEAVIRTVTTLQQLLT,ATGACGATAATGAGTAAGGGGTGGATGAAGGTGAAGGGGGGGGAGAAGTTGGGGGGGGTGAAGGTGACGCCGACGGAGGCGAAGTGTAGGAGGCAGCAGAGGAGTAGTACGTTGTATGTGTTGATATTTTTGGCGATATTTTTGAGTAAGTTTACGAATCAGTTGTTGTTGAGTTTGTTGGAGGCGGTGATAAGGACGGTGACGACGTTGCAGCAGTTGTTGACG,GATGGAAATCCGATCCCCTCAGCTATCGCGGCTAACTCCGGGATCTACTAAGGGGGGGGTGAAGGTGACGCCGACGGAGGCGAAGTGTAGGAGGCAGCAGAGGAGTAGTACGTTGTATGTGTTGATATTTTTGGCGATATTTTTGAGTAAGTTTACGAATCAGTTGTTGTTGAGTTTGTTGGAGGCGGTGATAAGGACGGTGACGACGTTGCAGCAGTTGTTGACG,10,"[(7, 'hydrophobic'), (8, 'positive'), (10, 'hydrophobic')]"
TRQTPEMGGRRGAKTTAAIKAGQFAKK,27.190976696536467,MTRQTPEMGGRRGAKTTAAIKAGQFAKKCRRQQRSSTLYVLIFLAIFLSKFTNQLLLSLLEAVIRTVTTLQQLLT,ATGACGAGGCAGACGCCGGAGATGGGGGGGAGGAGGGGGGCGAAGACGACGGCGGCGATAAAGGCGGGGCAGTTTGCGAAGAAGTGTAGGAGGCAGCAGAGGAGTAGTACGTTGTATGTGTTGATATTTTTGGCGATATTTTTGAGTAAGTTTACGAATCAGTTGTTGTTGAGTTTGTTGGAGGCGGTGATAAGGACGGTGACGACGTTGCAGCAGTTGTTGACG,GATGGAAACCCAATTCCCTCAGCTATCGCAGCGAACTCCGGTATCTACTAAAGCGGCGATAAAGGCGGGGCAGTTTGCGAAGAAGTGTAGGAGGCAGCAGAGGAGTAGTACGTTGTATGTGTTGATATTTTTGGCGATATTTTTGAGTAAGTTTACGAATCAGTTGTTGTTGAGTTTGTTGGAGGCGGTGATAAGGACGGTGACGACGTTGCAGCAGTTGTTGACG,10,"[(4, 'hydrophobic'), (10, 'hydrophobic')]"
NHEREDWTYEDGYTLSDEIVPKTREKK,40.90522574197404,MNHEREDWTYEDGYTLSDEIVPKTREKKCRRQQRSSTLYVLIFLAIFLSKFTNQLLLSLLEAVIRTVTTLQQLLT,ATGAATCATGAGAGGGAGGATTGGACGTATGAGGATGGGTATACGTTGAGTGATGAGATAGTGCCGAAGACGAGGGAGAAGAAGTGTAGGAGGCAGCAGAGGAGTAGTACGTTGTATGTGTTGATATTTTTGGCGATATTTTTGAGTAAGTTTACGAATCAGTTGTTGTTGAGTTTGTTGGAGGCGGTGATAAGGACGGTGACGACGTTGCAGCAGTTGTTGACG,GATGGAAACCCGATTCCCTCAGCTATCGCTGCAAACTCCGGTATCTACTAGTGATGAGATAGTGCCGAAGACGAGGGAGAAGAAGTGTAGGAGGCAGCAGAGGAGTAGTACGTTGTATGTGTTGATATTTTTGGCGATATTTTTGAGTAAGTTTACGAATCAGTTGTTGTTGAGTTTGTTGGAGGCGGTGATAAGGACGGTGACGACGTTGCAGCAGTTGTTGACG,10,"[(3, 'neutral'), (4, 'hydrophobic'), (8, 'hydrophobic'), (9, 'neutral'), (10, 'hydrophobic')]"
KLQQSSGYFGGEDGVTADKLIGQAADI,23.896191238243404,MKLQQSSGYFGGEDGVTADKLIGQAADICRRQQRSSTLYVLIFLAIFLSKFTNQLLLSLLEAVIRTVTTLQQLLT,ATGAAGTTGCAGCAGAGTAGTGGGTATTTTGGGGGGGAGGATGGGGTGACGGCGGATAAGTTGATAGGGCAGGCGGCGGATATATGTAGGAGGCAGCAGAGGAGTAGTACGTTGTATGTGTTGATATTTTTGGCGATATTTTTGAGTAAGTTTACGAATCAGTTGTTGTTGAGTTTGTTGGAGGCGGTGATAAGGACGGTGACGACGTTGCAGCAGTTGTTGACG,GATGGAAATCCGATCCCCTCAGCAATAGCAGCAAACTCCGGAATCTACTAGTGCGGATAAGTTGATAGGGCAGGCGGCGGATATATGTAGGAGGCAGCAGAGGAGTAGTACGTTGTATGTGTTGATATTTTTGGCGATATTTTTGAGTAAGTTTACGAATCAGTTGTTGTTGAGTTTGTTGGAGGCGGTGATAAGGACGGTGACGACGTTGCAGCAGTTGTTGACG,10,"[(1, 'neutral'), (11, 'neutral'), (13, 'neutral'), (15, 'hydrophobic')]"
MPSSGRSSGGKDRLGGGLAGVGQARKS,20.93759389228251,MMPSSGRSSGGKDRLGGGLAGVGQARKSCRRQQRSSTLYVLIFLAIFLSKFTNQLLLSLLEAVIRTVTTLQQLLT,ATGATGCCGAGTAGTGGGAGGAGTAGTGGGGGGAAGGATAGGTTGGGGGGGGGGTTGGCGGGGGTGGGGCAGGCGAGGAAGAGTTGTAGGAGGCAGCAGAGGAGTAGTACGTTGTATGTGTTGATATTTTTGGCGATATTTTTGAGTAAGTTTACGAATCAGTTGTTGTTGAGTTTGTTGGAGGCGGTGATAAGGACGGTGACGACGTTGCAGCAGTTGTTGACG,GATGGTAACCCGATCCCCTCGGCAATCGCAGCAAACTCCGGCATATACTAACGGGTTGGCGGGGGTGGGGCAGGCGAGGAAGAGTTGTAGGAGGCAGCAGAGGAGTAGTACGTTGTATGTGTTGATATTTTTGGCGATATTTTTGAGTAAGTTTACGAATCAGTTGTTGTTGAGTTTGTTGGAGGCGGTGATAAGGACGGTGACGACGTTGCAGCAGTTGTTGACG,10,"[(3, 'hydrophobic'), (10, 'neutral'), (16, 'hydrophobic')]"
RRDSLKEMYEGGGNWKLKRSRGYVASG,25.84627624930939,MRRDSLKEMYEGGGNWKLKRSRGYVASGCRRQQRSSTLYVLIFLAIFLSKFTNQLLLSLLEAVIRTVTTLQQLLT,ATGAGGAGGGATAGTTTGAAGGAGATGTATGAGGGGGGGGGGAATTGGAAGTTGAAGAGGAGTAGGGGGTATGTGGCGAGTGGGTGTAGGAGGCAGCAGAGGAGTAGTACGTTGTATGTGTTGATATTTTTGGCGATATTTTTGAGTAAGTTTACGAATCAGTTGTTGTTGAGTTTGTTGGAGGCGGTGATAAGGACGGTGACGACGTTGCAGCAGTTGTTGACG,GATGGAAACCCGATCCCCTCGGCAATCGCTGCAAACTCCGGGATCTACTAGGTTGAAGAGGAGTAGGGGGTATGTGGCGAGTGGGTGTAGGAGGCAGCAGAGGAGTAGTACGTTGTATGTGTTGATATTTTTGGCGATATTTTTGAGTAAGTTTACGAATCAGTTGTTGTTGAGTTTGTTGGAGGCGGTGATAAGGACGGTGACGACGTTGCAGCAGTTGTTGACG,10,"[(1, 'positive'), (3, 'neutral'), (8, 'hydrophobic'), (11, 'positive')]"
TISEMGVRCEQRKNLPDRVNGKTGGNA,40.58650866085714,MTISEMGVRCEQRKNLPDRVNGKTGGNACRRQQRSSTLYVLIFLAIFLSKFTNQLLLSLLEAVIRTVTTLQQLLT,ATGACGATAAGTGAGATGGGGGTGAGGTGTGAGCAGAGGAAGAATTTGCCGGATAGGGTGAATGGGAAGACGGGGGGGAATGCGTGTAGGAGGCAGCAGAGGAGTAGTACGTTGTATGTGTTGATATTTTTGGCGATATTTTTGAGTAAGTTTACGAATCAGTTGTTGTTGAGTTTGTTGGAGGCGGTGATAAGGACGGTGACGACGTTGCAGCAGTTGTTGACG,GATGGAAATCCGATTCCTTCAGCTATCGCAGCAAATTCGGGCATCTACTAACGATAGGGTGAATGGGAAGACGGGGGGGAATGCGTGTAGGAGGCAGCAGAGGAGTAGTACGTTGTATGTGTTGATATTTTTGGCGATATTTTTGAGTAAGTTTACGAATCAGTTGTTGTTGAGTTTGTTGGAGGCGGTGATAAGGACGGTGACGACGTTGCAGCAGTTGTTGACG,11,"[(3, 'neutral'), (10, 'hydrophobic'), (12, 'hydrophobic')]"
SEDSKRSKCGGEDLLEGLANAQKRLER,17.3138969254455,MSEDSKRSKCGGEDLLEGLANAQKRLERCRRQQRSSTLYVLIFLAIFLSKFTNQLLLSLLEAVIRTVTTLQQLLT,ATGAGTGAGGATAGTAAGAGGAGTAAGTGTGGGGGGGAGGATTTGTTGGAGGGGTTGGCGAATGCGCAGAAGAGGTTGGAGAGGTGTAGGAGGCAGCAGAGGAGTAGTACGTTGTATGTGTTGATATTTTTGGCGATATTTTTGAGTAAGTTTACGAATCAGTTGTTGTTGAGTTTGTTGGAGGCGGTGATAAGGACGGTGACGACGTTGCAGCAGTTGTTGACG,GATGGAAACCCGATCCCCTCGGCAATCGCAGCAAACTCCGGAATCTACTGAGGGGTTGGCGAATGCGCAGAAGAGGTTGGAGAGGTGTAGGAGGCAGCAGAGGAGTAGTACGTTGTATGTGTTGATATTTTTGGCGATATTTTTGAGTAAGTTTACGAATCAGTTGTTGTTGAGTTTGTTGGAGGCGGTGATAAGGACGGTGACGACGTTGCAGCAGTTGTTGACG,11,"[(10, 'neutral')]"
NIFEKSLRGGGGLDLDNEQEGTRAKAR,28.131901644198404,MNIFEKSLRGGGGLDLDNEQEGTRAKARCRRQQRSSTLYVLIFLAIFLSKFTNQLLLSLLEAVIRTVTTLQQLLT,ATGAATATATTTGAGAAGAGTTTGAGGGGGGGGGGGGGGTTGGATTTGGATAATGAGCAGGAGGGGACGAGGGCGAAGGCGAGGTGTAGGAGGCAGCAGAGGAGTAGTACGTTGTATGTGTTGATATTTTTGGCGATATTTTTGAGTAAGTTTACGAATCAGTTGTTGTTGAGTTTGTTGGAGGCGGTGATAAGGACGGTGACGACGTTGCAGCAGTTGTTGACG,GATGGAAATCCGATTCCCTCAGCTATCGCAGCAAACTCCGGTATCTACTGATAATGAGCAGGAGGGGACGAGGGCGAAGGCGAGGTGTAGGAGGCAGCAGAGGAGTAGTACGTTGTATGTGTTGATATTTTTGGCGATATTTTTGAGTAAGTTTACGAATCAGTTGTTGTTGAGTTTGTTGGAGGCGGTGATAAGGACGGTGACGACGTTGCAGCAGTTGTTGACG,11,"[(4, 'hydrophobic'), (11, 'neutral')]"
THSTQADGRSRVNDDASSAKAAKKKKK,41.910553935260474,MTHSTQADGRSRVNDDASSAKAAKKKKKCRRQQRSSTLYVLIFLAIFLSKFTNQLLLSLLEAVIRTVTTLQQLLT,ATGACGCATAGTACGCAGGCGGATGGGAGGAGTAGGGTGAATGATGATGCGAGTAGTGCGAAGGCGGCGAAGAAGAAGAAGAAGTGTAGGAGGCAGCAGAGGAGTAGTACGTTGTATGTGTTGATATTTTTGGCGATATTTTTGAGTAAGTTTACGAATCAGTTGTTGTTGAGTTTGTTGGAGGCGGTGATAAGGACGGTGACGACGTTGCAGCAGTTGTTGACG,GATGGAAACCCAATTCCATCAGCAATCGCGGCAAACAGTGGCATCTACTAAGAGTAGTGCGAAGGCGGCGAAGAAGAAGAAGAAGTGTAGGAGGCAGCAGAGGAGTAGTACGTTGTATGTGTTGATATTTTTGGCGATATTTTTGAGTAAGTTTACGAATCAGTTGTTGTTGAGTTTGTTGGAGGCGGTGATAAGGACGGTGACGACGTTGCAGCAGTTGTTGACG,11,"[(7, 'neutral'), (14, 'neutral')]"
KIGLGRGEDEGRNSSALLVEARFGAFK,28.44851870310163,MKIGLGRGEDEGRNSSALLVEARFGAFKCRRQQRSSTLYVLIFLAIFLSKFTNQLLLSLLEAVIRTVTTLQQLLT,ATGAAGATAGGGTTGGGGAGGGGGGAGGATGAGGGGAGGAATAGTAGTGCGTTGTTGGTGGAGGCGAGGTTTGGGGCGTTTAAGTGTAGGAGGCAGCAGAGGAGTAGTACGTTGTATGTGTTGATATTTTTGGCGATATTTTTGAGTAAGTTTACGAATCAGTTGTTGTTGAGTTTGTTGGAGGCGGTGATAAGGACGGTGACGACGTTGCAGCAGTTGTTGACG,GATGGAAATCCGATACCCTCGGCAATCGCAGCAAACTCGGGCATCTACTAAGTTGTTGGTGGAGGCGAGGTTTGGGGCGTTTAAGTGTAGGAGGCAGCAGAGGAGTAGTACGTTGTATGTGTTGATATTTTTGGCGATATTTTTGAGTAAGTTTACGAATCAGTTGTTGTTGAGTTTGTTGGAGGCGGTGATAAGGACGGTGACGACGTTGCAGCAGTTGTTGACG,11,"[(13, 'hydrophobic')]"
REDSERDREGVVGDKLDSVLHGAAFFG,19.726697073332804,MREDSERDREGVVGDKLDSVLHGAAFFGCRRQQRSSTLYVLIFLAIFLSKFTNQLLLSLLEAVIRTVTTLQQLLT,ATGAGGGAGGATAGTGAGAGGGATAGGGAGGGGGTGGTGGGGGATAAGTTGGATAGTGTGTTGCATGGGGCGGCGTTTTTTGGGTGTAGGAGGCAGCAGAGGAGTAGTACGTTGTATGTGTTGATATTTTTGGCGATATTTTTGAGTAAGTTTACGAATCAGTTGTTGTTGAGTTTGTTGGAGGCGGTGATAAGGACGGTGACGACGTTGCAGCAGTTGTTGACG,GATGGAAACCCGATCCCCTCGGCAATCGCAGCAAATAGTGGGATCTACTAAGGATAGTGTGTTGCATGGGGCGGCGTTTTTTGGGTGTAGGAGGCAGCAGAGGAGTAGTACGTTGTATGTGTTGATATTTTTGGCGATATTTTTGAGTAAGTTTACGAATCAGTTGTTGTTGAGTTTGTTGGAGGCGGTGATAAGGACGGTGACGACGTTGCAGCAGTTGTTGACG,11,"[(6, 'hydrophobic')]"
AYPSGDWDGGKLTDKAGVAAEGVVAAN,18.933562429373556,MAYPSGDWDGGKLTDKAGVAAEGVVAANCRRQQRSSTLYVLIFLAIFLSKFTNQLLLSLLEAVIRTVTTLQQLLT,ATGGCGTATCCGAGTGGGGATTGGGATGGGGGGAAGTTGACGGATAAGGCGGGGGTGGCGGCGGAGGGGGTGGTGGCGGCGAATTGTAGGAGGCAGCAGAGGAGTAGTACGTTGTATGTGTTGATATTTTTGGCGATATTTTTGAGTAAGTTTACGAATCAGTTGTTGTTGAGTTTGTTGGAGGCGGTGATAAGGACGGTGACGACGTTGCAGCAGTTGTTGACG,GATGGTAATCCGATCCCCTCAGCTATCGCAGCAAACAGTGGCATCTACTAAGGGGGTGGCGGCGGAGGGGGTGGTGGCGGCGAATTGTAGGAGGCAGCAGAGGAGTAGTACGTTGTATGTGTTGATATTTTTGGCGATATTTTTGAGTAAGTTTACGAATCAGTTGTTGTTGAGTTTGTTGGAGGCGGTGATAAGGACGGTGACGACGTTGCAGCAGTTGTTGACG,11,"[(5, 'hydrophobic'), (10, 'hydrophobic'), (15, 'hydrophobic'), (16, 'hydrophobic')]"
GPQKTGGRDGGGEGGLGLLLAVKQSFK,38.47140373218773,MGPQKTGGRDGGGEGGLGLLLAVKQSFKCRRQQRSSTLYVLIFLAIFLSKFTNQLLLSLLEAVIRTVTTLQQLLT,ATGGGGCCGCAGAAGACGGGGGGGAGGGATGGGGGGGGGGAGGGGGGGTTGGGGTTGTTGTTGGCGGTGAAGCAGAGTTTTAAGTGTAGGAGGCAGCAGAGGAGTAGTACGTTGTATGTGTTGATATTTTTGGCGATATTTTTGAGTAAGTTTACGAATCAGTTGTTGTTGAGTTTGTTGGAGGCGGTGATAAGGACGGTGACGACGTTGCAGCAGTTGTTGACG,GATGGGAACCCAATTCCATCAGCAATCGCAGCAAACTCCGGAATCTACTAAGGGGTTGTTGTTGGCGGTGAAGCAGAGTTTTAAGTGTAGGAGGCAGCAGAGGAGTAGTACGTTGTATGTGTTGATATTTTTGGCGATATTTTTGAGTAAGTTTACGAATCAGTTGTTGTTGAGTTTGTTGGAGGCGGTGATAAGGACGGTGACGACGTTGCAGCAGTTGTTGACG,12,"[(12, 'neutral')]"
TTHGTDGEEDEGGDEKGQDDQQGLARG,35.926328620131635,MTTHGTDGEEDEGGDEKGQDDQQGLARGCRRQQRSSTLYVLIFLAIFLSKFTNQLLLSLLEAVIRTVTTLQQLLT,ATGACGACGCATGGGACGGATGGGGAGGAGGATGAGGGGGGGGATGAGAAGGGGCAGGATGATCAGCAGGGGTTGGCGAGGGGGTGTAGGAGGCAGCAGAGGAGTAGTACGTTGTATGTGTTGATATTTTTGGCGATATTTTTGAGTAAGTTTACGAATCAGTTGTTGTTGAGTTTGTTGGAGGCGGTGATAAGGACGGTGACGACGTTGCAGCAGTTGTTGACG,GATGGAAACCCGATTCCATCAGCAATCGCAGCAAACTCCGGGATCTACTAGGGGGCAGGATGATCAGCAGGGGTTGGCGAGGGGGTGTAGGAGGCAGCAGAGGAGTAGTACGTTGTATGTGTTGATATTTTTGGCGATATTTTTGAGTAAGTTTACGAATCAGTTGTTGTTGAGTTTGTTGGAGGCGGTGATAAGGACGGTGACGACGTTGCAGCAGTTGTTGACG,12,"[(1, 'positive'), (12, 'neutral')]"
NPEEREKSGEGDKGLSGTARLTRKAGK,22.78841365982384,MNPEEREKSGEGDKGLSGTARLTRKAGKCRRQQRSSTLYVLIFLAIFLSKFTNQLLLSLLEAVIRTVTTLQQLLT,ATGAATCCGGAGGAGAGGGAGAAGAGTGGGGAGGGGGATAAGGGGTTGAGTGGGACGGCGAGGTTGACGAGGAAGGCGGGGAAGTGTAGGAGGCAGCAGAGGAGTAGTACGTTGTATGTGTTGATATTTTTGGCGATATTTTTGAGTAAGTTTACGAATCAGTTGTTGTTGAGTTTGTTGGAGGCGGTGATAAGGACGGTGACGACGTTGCAGCAGTTGTTGACG,GATGGAAACCCGATTCCGTCAGCGATCGCAGCAAACTCCGGCATCTACTAGTGGGACGGCGAGGTTGACGAGGAAGGCGGGGAAGTGTAGGAGGCAGCAGAGGAGTAGTACGTTGTATGTGTTGATATTTTTGGCGATATTTTTGAGTAAGTTTACGAATCAGTTGTTGTTGAGTTTGTTGGAGGCGGTGATAAGGACGGTGACGACGTTGCAGCAGTTGTTGACG,12,"[(10, 'positive')]"
DKDSGKDRQGDDRKDVLKEVKTKKKKV,32.53822846211729,MDKDSGKDRQGDDRKDVLKEVKTKKKKVCRRQQRSSTLYVLIFLAIFLSKFTNQLLLSLLEAVIRTVTTLQQLLT,ATGGATAAGGATAGTGGGAAGGATAGGCAGGGGGATGATAGGAAGGATGTGTTGAAGGAGGTGAAGACGAAGAAGAAGAAGGTGTGTAGGAGGCAGCAGAGGAGTAGTACGTTGTATGTGTTGATATTTTTGGCGATATTTTTGAGTAAGTTTACGAATCAGTTGTTGTTGAGTTTGTTGGAGGCGGTGATAAGGACGGTGACGACGTTGCAGCAGTTGTTGACG,GATGGAAACCCGATCCCCTCGGCAATCGCAGCAAACTCCGGCATCTACTAAGTTGAAGGAGGTGAAGACGAAGAAGAAGAAGGTGTGTAGGAGGCAGCAGAGGAGTAGTACGTTGTATGTGTTGATATTTTTGGCGATATTTTTGAGTAAGTTTACGAATCAGTTGTTGTTGAGTTTGTTGGAGGCGGTGATAAGGACGGTGACGACGTTGCAGCAGTTGTTGACG,12,"[(11, 'positive')]"
RESEGGGKRYGGSREPLSPGAGKRPKQ,37.076048858561585,MRESEGGGKRYGGSREPLSPGAGKRPKQCRRQQRSSTLYVLIFLAIFLSKFTNQLLLSLLEAVIRTVTTLQQLLT,ATGAGGGAGAGTGAGGGGGGGGGGAAGAGGTATGGGGGGAGTAGGGAGCCGTTGAGTCCGGGGGCGGGGAAGAGGCCGAAGCAGTGTAGGAGGCAGCAGAGGAGTAGTACGTTGTATGTGTTGATATTTTTGGCGATATTTTTGAGTAAGTTTACGAATCAGTTGTTGTTGAGTTTGTTGGAGGCGGTGATAAGGACGGTGACGACGTTGCAGCAGTTGTTGACG,GATGGAAACCCAATTCCCTCAGCAATCGCGGCTAACTCCGGCATCTACTAACTTGAGTCCGGGGGCGGGGAAGAGGCCGAAGCAGTGTAGGAGGCAGCAGAGGAGTAGTACGTTGTATGTGTTGATATTTTTGGCGATATTTTTGAGTAAGTTTACGAATCAGTTGTTGTTGAGTTTGTTGGAGGCGGTGATAAGGACGGTGACGACGTTGCAGCAGTTGTTGACG,13,"[(7, 'hydrophobic'), (14, 'neutral')]"
